id,triple,sequence,neighbor,skip,double
0,0,0,0,0,0
1,0,0,0,0,0
2,0,0,0,0,1
3,1,0,0,0,0
4,1,0,0,0,0
5,0,0,0,0,0
6,0,0,1,0,0
7,0,0,0,0,1
8,1,0,0,0,0
9,1,0,1,0,0
10,0,0,0,0,1
11,0,0,0,0,1
12,0,0,0,0,2
13,1,0,0,0,1
14,1,0,0,0,1
15,1,0,0,0,0
16,1,0,0,0,0
17,1,0,0,0,1
18,2,0,0,0,0
20,1,0,0,0,0
21,1,0,1,0,0
22,1,0,0,0,1
25,0,0,0,0,0
26,0,0,0,1,0
27,0,0,0,0,1
28,1,0,0,0,0
29,1,0,0,1,0
30,0,0,1,0,0
31,0,1,0,0,0
32,0,1,0,0,0
33,1,0,1,0,0
34,1,1,0,0,0
35,0,0,0,0,1
36,0,1,0,0,0
37,0,1,1,0,0
38,1,0,0,0,1
40,1,0,0,0,0
41,1,0,0,1,0
42,1,0,0,0,1
45,1,0,1,0,0
46,1,1,0,0,0
50,0,0,0,0,1
51,0,0,0,0,1
52,0,0,0,0,2
53,1,0,0,0,1
54,1,0,0,0,1
55,0,0,0,0,1
56,0,1,0,0,0
57,0,1,0,1,0
58,1,0,0,0,1
60,0,0,0,0,2
61,0,1,1,0,0
62,0,2,0,0,0
65,1,0,0,0,1
66,1,0,0,0,1
70,1,0,0,0,1
75,1,0,0,0,0
76,1,0,0,0,0
77,1,0,0,0,1
78,2,0,0,0,0
80,1,0,0,0,0
81,1,0,1,0,0
82,1,0,0,0,1
85,1,0,0,0,1
86,1,0,0,0,1
90,2,0,0,0,0
100,1,0,0,0,0
101,1,0,0,1,0
102,1,0,0,0,1
105,1,0,1,0,0
106,1,1,0,0,0
110,1,0,0,0,1
125,0,0,0,0,0
126,0,0,0,0,0
127,0,0,0,0,1
128,1,0,0,0,0
129,1,0,0,0,0
130,0,0,0,1,0
131,0,0,0,1,0
132,0,0,0,1,1
133,1,0,0,1,0
134,1,0,0,1,0
135,0,0,0,0,1
136,0,0,1,1,0
137,0,0,0,0,2
138,1,0,0,0,1
140,1,0,0,0,0
141,1,0,0,0,0
142,1,0,0,0,1
145,1,0,0,1,0
146,1,0,0,1,0
150,0,0,1,0,0
151,0,0,0,1,0
152,0,0,1,0,1
153,1,0,1,0,0
154,1,0,0,1,0
155,0,1,0,0,0
156,0,1,0,0,0
157,0,1,0,0,0
158,1,1,0,0,0
160,0,1,0,0,0
161,0,1,0,1,0
162,0,1,0,1,0
165,1,0,1,0,0
166,1,0,0,1,0
170,1,1,0,0,0
175,0,0,0,0,1
176,0,0,1,1,0
177,0,0,0,0,2
178,1,0,0,0,1
180,0,1,0,0,0
181,0,1,1,0,0
182,0,1,0,1,0
185,0,1,1,0,0
186,0,2,0,0,0
190,1,0,0,0,1
200,1,0,0,0,0
201,1,0,0,0,0
202,1,0,0,0,1
205,1,0,0,1,0
206,1,0,0,1,0
210,1,0,0,0,1
225,1,0,1,0,0
226,1,0,0,1,0
230,1,1,0,0,0
250,0,0,0,0,1
251,0,0,0,0,1
252,0,0,0,0,2
253,1,0,0,0,1
254,1,0,0,0,1
255,0,0,0,0,1
256,0,0,1,0,1
257,0,0,0,0,2
258,1,0,0,0,1
260,0,0,0,0,2
261,0,0,0,0,2
262,0,0,0,0,3
265,1,0,0,0,1
266,1,0,0,0,1
270,1,0,0,0,1
275,0,0,0,0,1
276,0,0,0,1,1
277,0,0,0,0,2
278,1,0,0,0,1
280,0,1,0,0,0
281,0,1,0,0,1
282,0,1,0,0,1
285,0,1,0,1,0
286,0,1,0,0,1
290,1,0,0,0,1
300,0,0,0,0,2
301,0,0,0,0,2
302,0,0,0,0,3
305,0,1,1,0,0
306,0,1,0,0,1
310,0,2,0,0,0
325,1,0,0,0,1
326,1,0,0,0,1
330,1,0,0,0,1
350,1,0,0,0,1
375,1,0,0,0,0
376,1,0,0,0,0
377,1,0,0,0,1
378,2,0,0,0,0
380,1,0,0,0,0
381,1,0,1,0,0
382,1,0,0,0,1
385,1,0,0,0,1
386,1,0,0,0,1
390,2,0,0,0,0
400,1,0,0,0,0
401,1,0,0,1,0
402,1,0,0,0,1
405,1,0,1,0,0
406,1,1,0,0,0
410,1,0,0,0,1
425,1,0,0,0,1
426,1,0,0,0,1
430,1,0,0,0,1
450,2,0,0,0,0
500,1,0,0,0,0
501,1,0,0,0,0
502,1,0,0,0,1
505,1,0,0,1,0
506,1,0,0,1,0
510,1,0,0,0,1
525,1,0,1,0,0
526,1,0,0,1,0
530,1,1,0,0,0
550,1,0,0,0,1
625,0,0,0,0,0
626,0,0,0,0,0
627,0,0,0,0,1
628,1,0,0,0,0
629,1,0,0,0,0
630,0,0,0,0,0
631,0,0,1,0,0
632,0,0,0,0,1
633,1,0,0,0,0
634,1,0,1,0,0
635,0,0,0,0,1
636,0,0,0,0,1
637,0,0,0,0,2
638,1,0,0,0,1
640,1,0,0,0,0
641,1,0,0,0,0
642,1,0,0,0,1
645,1,0,0,0,0
646,1,0,1,0,0
650,0,0,0,1,0
651,0,0,0,1,0
652,0,0,0,1,1
653,1,0,0,1,0
654,1,0,0,1,0
655,0,0,0,1,0
656,0,1,0,0,0
657,0,1,0,0,0
658,1,0,0,1,0
660,0,0,0,1,1
661,0,1,0,0,0
662,0,1,1,0,0
665,1,0,0,1,0
666,1,0,0,1,0
670,1,0,0,1,0
675,0,0,0,0,1
676,0,0,0,2,0
677,0,0,0,0,2
678,1,0,0,0,1
680,0,0,1,1,0
681,0,1,0,1,0
682,0,1,0,1,0
685,0,0,0,0,2
686,0,1,0,1,0
690,1,0,0,0,1
700,1,0,0,0,0
701,1,0,0,0,0
702,1,0,0,0,1
705,1,0,0,0,0
706,1,0,1,0,0
710,1,0,0,0,1
725,1,0,0,1,0
726,1,0,0,1,0
730,1,0,0,1,0
750,0,0,1,0,0
751,0,0,1,0,0
752,0,0,1,0,1
753,1,0,1,0,0
754,1,0,1,0,0
755,0,0,0,1,0
756,0,0,2,0,0
757,0,0,0,1,1
758,1,0,0,1,0
760,0,0,1,0,1
761,0,0,1,0,1
762,0,0,1,0,2
765,1,0,1,0,0
766,1,0,1,0,0
770,1,0,0,1,0
775,0,1,0,0,0
776,0,1,0,0,0
777,0,1,0,0,1
778,1,1,0,0,0
780,0,1,0,0,0
781,0,1,1,0,0
782,0,1,1,0,0
785,0,1,0,0,0
786,0,1,0,1,0
790,1,1,0,0,0
800,0,1,0,0,0
801,0,1,0,1,0
802,0,1,0,0,1
805,0,1,0,1,0
806,0,2,0,0,0
810,0,1,0,1,0
825,1,0,1,0,0
826,1,0,1,0,0
830,1,0,0,1,0
850,1,1,0,0,0
875,0,0,0,0,1
876,0,0,0,0,1
877,0,0,0,0,2
878,1,0,0,0,1
880,0,0,1,1,0
881,0,0,1,0,1
882,0,0,1,1,1
885,0,0,0,0,2
886,0,0,2,1,0
890,1,0,0,0,1
900,0,1,0,0,0
901,0,1,0,0,0
902,0,1,0,0,1
905,0,1,1,0,0
906,0,1,0,0,1
910,0,1,0,1,0
925,0,1,1,0,0
926,0,1,0,1,0
930,0,2,0,0,0
950,1,0,0,0,1
1000,1,0,0,0,0
1001,1,0,0,0,0
1002,1,0,0,0,1
1005,1,0,0,0,0
1006,1,0,1,0,0
1010,1,0,0,0,1
1025,1,0,0,1,0
1026,1,0,0,1,0
1030,1,0,0,1,0
1050,1,0,0,0,1
1125,1,0,1,0,0
1126,1,0,1,0,0
1130,1,0,0,1,0
1150,1,1,0,0,0
1250,0,0,0,0,1
1251,0,0,0,0,1
1252,0,0,0,0,2
1253,1,0,0,0,1
1254,1,0,0,0,1
1255,0,0,0,0,1
1256,0,0,1,0,1
1257,0,0,0,0,2
1258,1,0,0,0,1
1260,0,0,0,0,2
1261,0,0,0,0,2
1262,0,0,0,0,3
1265,1,0,0,0,1
1266,1,0,0,0,1
1270,1,0,0,0,1
1275,0,0,0,0,1
1276,0,0,0,1,1
1277,0,0,0,0,2
1278,1,0,0,0,1
1280,0,0,1,0,1
1281,0,1,0,0,1
1282,0,1,0,0,1
1285,0,0,0,0,2
1286,0,1,0,0,1
1290,1,0,0,0,1
1300,0,0,0,0,2
1301,0,0,0,0,2
1302,0,0,0,0,3
1305,0,0,0,0,2
1306,0,1,0,0,1
1310,0,0,0,0,3
1325,1,0,0,0,1
1326,1,0,0,0,1
1330,1,0,0,0,1
1350,1,0,0,0,1
1375,0,0,0,0,1
1376,0,0,0,0,1
1377,0,0,0,0,2
1378,1,0,0,0,1
1380,0,0,0,1,1
1381,0,0,0,1,1
1382,0,0,0,1,2
1385,0,0,0,0,2
1386,0,0,1,1,1
1390,1,0,0,0,1
1400,0,1,0,0,0
1401,0,1,0,0,0
1402,0,1,0,0,1
1405,0,1,0,0,1
1406,0,1,0,0,1
1410,0,1,0,0,1
1425,0,1,0,1,0
1426,0,1,0,1,0
1430,0,1,0,0,1
1450,1,0,0,0,1
1500,0,0,0,0,2
1501,0,0,0,0,2
1502,0,0,0,0,3
1505,0,0,0,0,2
1506,0,0,1,0,2
1510,0,0,0,0,3
1525,0,1,1,0,0
1526,0,1,1,0,0
1530,0,1,0,0,1
1550,0,2,0,0,0
1625,1,0,0,0,1
1626,1,0,0,0,1
1630,1,0,0,0,1
1650,1,0,0,0,1
1750,1,0,0,0,1
1875,1,0,0,0,0
1876,1,0,0,0,0
1877,1,0,0,0,1
1878,2,0,0,0,0
1880,1,0,0,0,0
1881,1,0,1,0,0
1882,1,0,0,0,1
1885,1,0,0,0,1
1886,1,0,0,0,1
1890,2,0,0,0,0
1900,1,0,0,0,0
1901,1,0,0,1,0
1902,1,0,0,0,1
1905,1,0,1,0,0
1906,1,1,0,0,0
1910,1,0,0,0,1
1925,1,0,0,0,1
1926,1,0,0,0,1
1930,1,0,0,0,1
1950,2,0,0,0,0
2000,1,0,0,0,0
2001,1,0,0,0,0
2002,1,0,0,0,1
2005,1,0,0,1,0
2006,1,0,0,1,0
2010,1,0,0,0,1
2025,1,0,1,0,0
2026,1,0,0,1,0
2030,1,1,0,0,0
2050,1,0,0,0,1
2125,1,0,0,0,1
2126,1,0,0,0,1
2130,1,0,0,0,1
2150,1,0,0,0,1
2250,2,0,0,0,0
2500,1,0,0,0,0
2501,1,0,0,0,0
2502,1,0,0,0,1
2505,1,0,0,0,0
2506,1,0,1,0,0
2510,1,0,0,0,1
2525,1,0,0,1,0
2526,1,0,0,1,0
2530,1,0,0,1,0
2550,1,0,0,0,1
2625,1,0,1,0,0
2626,1,0,1,0,0
2630,1,0,0,1,0
2650,1,1,0,0,0
2750,1,0,0,0,1
3125,0,0,0,0,0
3126,0,0,0,0,0
3127,0,0,0,0,1
3128,1,0,0,0,0
3129,1,0,0,0,0
3130,0,0,0,0,0
3131,0,0,1,0,0
3132,0,0,0,0,1
3133,1,0,0,0,0
3134,1,0,1,0,0
3135,0,0,0,0,1
3136,0,0,0,0,1
3137,0,0,0,0,2
3138,1,0,0,0,1
3140,1,0,0,0,0
3141,1,0,0,0,0
3142,1,0,0,0,1
3145,1,0,0,0,0
3146,1,0,1,0,0
3150,0,0,0,0,0
3151,0,0,0,1,0
3152,0,0,0,0,1
3153,1,0,0,0,0
3154,1,0,0,1,0
3155,0,0,1,0,0
3156,0,1,0,0,0
3157,0,1,0,0,0
3158,1,0,1,0,0
3160,0,0,0,0,1
3161,0,1,0,0,0
3162,0,1,1,0,0
3165,1,0,0,0,0
3166,1,0,0,1,0
3170,1,0,1,0,0
3175,0,0,0,0,1
3176,0,0,0,0,1
3177,0,0,0,0,2
3178,1,0,0,0,1
3180,0,0,0,0,1
3181,0,1,0,0,0
3182,0,1,0,1,0
3185,0,0,0,0,2
3186,0,1,1,0,0
3190,1,0,0,0,1
3200,1,0,0,0,0
3201,1,0,0,0,0
3202,1,0,0,0,1
3205,1,0,0,0,0
3206,1,0,1,0,0
3210,1,0,0,0,1
3225,1,0,0,0,0
3226,1,0,0,1,0
3230,1,0,1,0,0
3250,0,0,0,1,0
3251,0,0,0,1,0
3252,0,0,0,1,1
3253,1,0,0,1,0
3254,1,0,0,1,0
3255,0,0,0,1,0
3256,0,0,1,1,0
3257,0,0,0,1,1
3258,1,0,0,1,0
3260,0,0,0,1,1
3261,0,0,0,1,1
3262,0,0,0,1,2
3265,1,0,0,1,0
3266,1,0,0,1,0
3270,1,0,0,1,0
3275,0,0,0,1,0
3276,0,0,0,2,0
3277,0,0,0,1,1
3278,1,0,0,1,0
3280,0,1,0,0,0
3281,0,1,0,1,0
3282,0,1,0,1,0
3285,0,1,0,0,0
3286,0,1,0,1,0
3290,1,0,0,1,0
3300,0,0,0,1,1
3301,0,0,0,1,1
3302,0,0,0,1,2
3305,0,1,0,0,0
3306,0,1,0,1,0
3310,0,1,1,0,0
3325,1,0,0,1,0
3326,1,0,0,1,0
3330,1,0,0,1,0
3350,1,0,0,1,0
3375,0,0,0,0,1
3376,0,0,0,0,1
3377,0,0,0,0,2
3378,1,0,0,0,1
3380,0,0,0,2,0
3381,0,0,1,0,1
3382,0,0,0,2,1
3385,0,0,0,0,2
3386,0,0,1,2,0
3390,1,0,0,0,1
3400,0,0,1,1,0
3401,0,0,0,1,1
3402,0,0,1,1,1
3405,0,1,0,1,0
3406,0,1,0,0,1
3410,0,1,0,1,0
3425,0,0,0,0,2
3426,0,0,1,2,0
3430,0,1,0,1,0
3450,1,0,0,0,1
3500,1,0,0,0,0
3501,1,0,0,0,0
3502,1,0,0,0,1
3505,1,0,0,0,0
3506,1,0,1,0,0
3510,1,0,0,0,1
3525,1,0,0,0,0
3526,1,0,0,1,0
3530,1,0,1,0,0
3550,1,0,0,0,1
3625,1,0,0,1,0
3626,1,0,0,1,0
3630,1,0,0,1,0
3650,1,0,0,1,0
3750,0,0,1,0,0
3751,0,0,1,0,0
3752,0,0,1,0,1
3753,1,0,1,0,0
3754,1,0,1,0,0
3755,0,0,1,0,0
3756,0,0,2,0,0
3757,0,0,1,0,1
3758,1,0,1,0,0
3760,0,0,1,0,1
3761,0,0,1,0,1
3762,0,0,1,0,2
3765,1,0,1,0,0
3766,1,0,1,0,0
3770,1,0,1,0,0
3775,0,0,0,1,0
3776,0,0,1,1,0
3777,0,0,0,1,1
3778,1,0,0,1,0
3780,0,0,2,0,0
3781,0,1,1,0,0
3782,0,1,1,0,0
3785,0,0,0,1,1
3786,0,1,1,0,0
3790,1,0,0,1,0
3800,0,0,1,0,1
3801,0,0,1,0,1
3802,0,0,1,0,2
3805,0,0,1,0,1
3806,0,1,0,1,0
3810,0,0,1,0,2
3825,1,0,1,0,0
3826,1,0,1,0,0
3830,1,0,1,0,0
3850,1,0,0,1,0
3875,0,1,0,0,0
3876,0,1,0,0,0
3877,0,1,0,0,1
3878,1,1,0,0,0
3880,0,1,0,0,0
3881,0,1,1,0,0
3882,0,1,0,0,1
3885,0,1,0,0,1
3886,0,1,0,0,1
3890,1,1,0,0,0
3900,0,1,0,0,0
3901,0,1,0,0,0
3902,0,1,0,0,1
3905,0,1,1,0,0
3906,0,2,0,0,0
3910,0,1,1,0,0
3925,0,1,0,0,0
3926,0,1,0,1,0
3930,0,1,0,1,0
3950,1,1,0,0,0
4000,0,1,0,0,0
4001,0,1,0,0,0
4002,0,1,0,0,1
4005,0,1,0,1,0
4006,0,1,0,1,0
4010,0,1,0,0,1
4025,0,1,0,1,0
4026,0,1,0,1,0
4030,0,2,0,0,0
4050,0,1,0,1,0
4125,1,0,1,0,0
4126,1,0,1,0,0
4130,1,0,1,0,0
4150,1,0,0,1,0
4250,1,1,0,0,0
4375,0,0,0,0,1
4376,0,0,0,0,1
4377,0,0,0,0,2
4378,1,0,0,0,1
4380,0,0,0,0,1
4381,0,0,1,0,1
4382,0,0,0,0,2
4385,0,0,0,0,2
4386,0,0,0,0,2
4390,1,0,0,0,1
4400,0,0,1,1,0
4401,0,0,0,1,1
4402,0,0,1,1,1
4405,0,0,1,0,1
4406,0,1,0,0,1
4410,0,0,1,1,1
4425,0,0,0,0,2
4426,0,0,1,2,0
4430,0,0,2,1,0
4450,1,0,0,0,1
4500,0,1,0,0,0
4501,0,1,0,0,0
4502,0,1,0,0,1
4505,0,1,0,0,0
4506,0,1,1,0,0
4510,0,1,0,0,1
4525,0,1,1,0,0
4526,0,1,1,0,0
4530,0,1,0,0,1
4550,0,1,0,1,0
4625,0,1,1,0,0
4626,0,1,1,0,0
4630,0,1,0,1,0
4650,0,2,0,0,0
4750,1,0,0,0,1
5000,1,0,0,0,0
5001,1,0,0,0,0
5002,1,0,0,0,1
5005,1,0,0,0,0
5006,1,0,1,0,0
5010,1,0,0,0,1
5025,1,0,0,0,0
5026,1,0,0,1,0
5030,1,0,1,0,0
5050,1,0,0,0,1
5125,1,0,0,1,0
5126,1,0,0,1,0
5130,1,0,0,1,0
5150,1,0,0,1,0
5250,1,0,0,0,1
5625,1,0,1,0,0
5626,1,0,1,0,0
5630,1,0,1,0,0
5650,1,0,0,1,0
5750,1,1,0,0,0
6250,0,0,0,0,1
6251,0,0,0,0,1
6252,0,0,0,0,2
6253,1,0,0,0,1
6254,1,0,0,0,1
6255,0,0,0,0,1
6256,0,0,1,0,1
6257,0,0,0,0,2
6258,1,0,0,0,1
6260,0,0,0,0,2
6261,0,0,0,0,2
6262,0,0,0,0,3
6265,1,0,0,0,1
6266,1,0,0,0,1
6270,1,0,0,0,1
6275,0,0,0,0,1
6276,0,0,0,1,1
6277,0,0,0,0,2
6278,1,0,0,0,1
6280,0,0,1,0,1
6281,0,1,0,0,1
6282,0,1,0,0,1
6285,0,0,0,0,2
6286,0,1,0,0,1
6290,1,0,0,0,1
6300,0,0,0,0,2
6301,0,0,0,0,2
6302,0,0,0,0,3
6305,0,0,0,0,2
6306,0,1,0,0,1
6310,0,0,0,0,3
6325,1,0,0,0,1
6326,1,0,0,0,1
6330,1,0,0,0,1
6350,1,0,0,0,1
6375,0,0,0,0,1
6376,0,0,0,0,1
6377,0,0,0,0,2
6378,1,0,0,0,1
6380,0,0,0,1,1
6381,0,0,0,1,1
6382,0,0,0,1,2
6385,0,0,0,0,2
6386,0,0,1,1,1
6390,1,0,0,0,1
6400,0,0,1,0,1
6401,0,0,0,1,1
6402,0,0,1,0,2
6405,0,1,0,0,1
6406,0,1,0,0,1
6410,0,1,0,0,1
6425,0,0,0,0,2
6426,0,0,1,1,1
6430,0,1,0,0,1
6450,1,0,0,0,1
6500,0,0,0,0,2
6501,0,0,0,0,2
6502,0,0,0,0,3
6505,0,0,0,0,2
6506,0,0,1,0,2
6510,0,0,0,0,3
6525,0,0,0,0,2
6526,0,0,0,1,2
6530,0,1,0,0,1
6550,0,0,0,0,3
6625,1,0,0,0,1
6626,1,0,0,0,1
6630,1,0,0,0,1
6650,1,0,0,0,1
6750,1,0,0,0,1
6875,0,0,0,0,1
6876,0,0,0,0,1
6877,0,0,0,0,2
6878,1,0,0,0,1
6880,0,0,0,0,1
6881,0,0,1,0,1
6882,0,0,0,0,2
6885,0,0,0,0,2
6886,0,0,0,0,2
6890,1,0,0,0,1
6900,0,0,0,1,1
6901,0,0,0,1,1
6902,0,0,0,1,2
6905,0,0,0,1,1
6906,0,1,0,0,1
6910,0,0,0,1,2
6925,0,0,0,0,2
6926,0,0,0,2,1
6930,0,0,1,1,1
6950,1,0,0,0,1
7000,0,1,0,0,0
7001,0,1,0,0,0
7002,0,1,0,0,1
7005,0,1,0,0,0
7006,0,1,1,0,0
7010,0,1,0,0,1
7025,0,1,0,0,1
7026,0,1,0,0,1
7030,0,1,0,0,1
7050,0,1,0,0,1
7125,0,1,0,1,0
7126,0,1,0,1,0
7130,0,1,0,1,0
7150,0,1,0,0,1
7250,1,0,0,0,1
7500,0,0,0,0,2
7501,0,0,0,0,2
7502,0,0,0,0,3
7505,0,0,0,0,2
7506,0,0,1,0,2
7510,0,0,0,0,3
7525,0,0,0,0,2
7526,0,0,0,1,2
7530,0,0,1,0,2
7550,0,0,0,0,3
7625,0,1,1,0,0
7626,0,1,1,0,0
7630,0,1,1,0,0
7650,0,1,0,0,1
7750,0,2,0,0,0
8125,1,0,0,0,1
8126,1,0,0,0,1
8130,1,0,0,0,1
8150,1,0,0,0,1
8250,1,0,0,0,1
8750,1,0,0,0,1
9375,1,0,0,0,0
9376,1,0,0,0,0
9377,1,0,0,0,1
9378,2,0,0,0,0
9380,1,0,0,0,0
9381,1,0,1,0,0
9382,1,0,0,0,1
9385,1,0,0,0,1
9386,1,0,0,0,1
9390,2,0,0,0,0
9400,1,0,0,0,0
9401,1,0,0,1,0
9402,1,0,0,0,1
9405,1,0,1,0,0
9406,1,1,0,0,0
9410,1,0,0,0,1
9425,1,0,0,0,1
9426,1,0,0,0,1
9430,1,0,0,0,1
9450,2,0,0,0,0
9500,1,0,0,0,0
9501,1,0,0,0,0
9502,1,0,0,0,1
9505,1,0,0,1,0
9506,1,0,0,1,0
9510,1,0,0,0,1
9525,1,0,1,0,0
9526,1,0,0,1,0
9530,1,1,0,0,0
9550,1,0,0,0,1
9625,1,0,0,0,1
9626,1,0,0,0,1
9630,1,0,0,0,1
9650,1,0,0,0,1
9750,2,0,0,0,0
10000,1,0,0,0,0
10001,1,0,0,0,0
10002,1,0,0,0,1
10005,1,0,0,0,0
10006,1,0,1,0,0
10010,1,0,0,0,1
10025,1,0,0,1,0
10026,1,0,0,1,0
10030,1,0,0,1,0
10050,1,0,0,0,1
10125,1,0,1,0,0
10126,1,0,1,0,0
10130,1,0,0,1,0
10150,1,1,0,0,0
10250,1,0,0,0,1
10625,1,0,0,0,1
10626,1,0,0,0,1
10630,1,0,0,0,1
10650,1,0,0,0,1
10750,1,0,0,0,1
11250,2,0,0,0,0
12500,1,0,0,0,0
12501,1,0,0,0,0
12502,1,0,0,0,1
12505,1,0,0,0,0
12506,1,0,1,0,0
12510,1,0,0,0,1
12525,1,0,0,0,0
12526,1,0,0,1,0
12530,1,0,1,0,0
12550,1,0,0,0,1
12625,1,0,0,1,0
12626,1,0,0,1,0
12630,1,0,0,1,0
12650,1,0,0,1,0
12750,1,0,0,0,1
13125,1,0,1,0,0
13126,1,0,1,0,0
13130,1,0,1,0,0
13150,1,0,0,1,0
13250,1,1,0,0,0
13750,1,0,0,0,1
15625,0,0,0,0,0
15626,0,0,0,0,0
15627,0,0,0,0,1
15628,1,0,0,0,0
15629,1,0,0,0,0
15630,0,0,0,0,0
15631,0,0,1,0,0
15632,0,0,0,0,1
15633,1,0,0,0,0
15634,1,0,1,0,0
15635,0,0,0,0,1
15636,0,0,0,0,1
15637,0,0,0,0,2
15638,1,0,0,0,1
15640,1,0,0,0,0
15641,1,0,0,0,0
15642,1,0,0,0,1
15645,1,0,0,0,0
15646,1,0,1,0,0
15650,0,0,0,0,0
15651,0,0,0,1,0
15652,0,0,0,0,1
15653,1,0,0,0,0
15654,1,0,0,1,0
15655,0,0,1,0,0
15656,0,1,0,0,0
15657,0,1,0,0,0
15658,1,0,1,0,0
15660,0,0,0,0,1
15661,0,1,0,0,0
15662,0,1,1,0,0
15665,1,0,0,0,0
15666,1,0,0,1,0
15670,1,0,1,0,0
15675,0,0,0,0,1
15676,0,0,0,0,1
15677,0,0,0,0,2
15678,1,0,0,0,1
15680,0,0,0,0,1
15681,0,1,0,0,0
15682,0,1,0,1,0
15685,0,0,0,0,2
15686,0,1,1,0,0
15690,1,0,0,0,1
15700,1,0,0,0,0
15701,1,0,0,0,0
15702,1,0,0,0,1
15705,1,0,0,0,0
15706,1,0,1,0,0
15710,1,0,0,0,1
15725,1,0,0,0,0
15726,1,0,0,1,0
15730,1,0,1,0,0
15750,0,0,0,0,0
15751,0,0,0,0,0
15752,0,0,0,0,1
15753,1,0,0,0,0
15754,1,0,0,0,0
15755,0,0,0,1,0
15756,0,0,0,1,0
15757,0,0,0,1,1
15758,1,0,0,1,0
15760,0,0,0,0,1
15761,0,0,1,1,0
15762,0,0,0,0,2
15765,1,0,0,0,0
15766,1,0,0,0,0
15770,1,0,0,1,0
15775,0,0,1,0,0
15776,0,0,0,1,0
15777,0,0,1,0,1
15778,1,0,1,0,0
15780,0,1,0,0,0
15781,0,1,0,0,0
15782,0,1,0,0,0
15785,0,1,0,0,0
15786,0,1,0,1,0
15790,1,0,1,0,0
15800,0,0,0,0,1
15801,0,0,1,1,0
15802,0,0,0,0,2
15805,0,1,0,0,0
15806,0,1,1,0,0
15810,0,1,1,0,0
15825,1,0,0,0,0
15826,1,0,0,0,0
15830,1,0,0,1,0
15850,1,0,1,0,0
15875,0,0,0,0,1
15876,0,0,0,0,1
15877,0,0,0,0,2
15878,1,0,0,0,1
15880,0,0,0,0,1
15881,0,0,1,0,1
15882,0,0,0,0,2
15885,0,0,0,0,2
15886,0,0,0,0,2
15890,1,0,0,0,1
15900,0,0,0,0,1
15901,0,0,0,1,1
15902,0,0,0,0,2
15905,0,1,0,0,0
15906,0,1,0,0,1
15910,0,1,0,1,0
15925,0,0,0,0,2
15926,0,0,0,0,2
15930,0,1,1,0,0
15950,1,0,0,0,1
16000,1,0,0,0,0
16001,1,0,0,0,0
16002,1,0,0,0,1
16005,1,0,0,0,0
16006,1,0,1,0,0
16010,1,0,0,0,1
16025,1,0,0,0,0
16026,1,0,0,1,0
16030,1,0,1,0,0
16050,1,0,0,0,1
16125,1,0,0,0,0
16126,1,0,0,0,0
16130,1,0,0,1,0
16150,1,0,1,0,0
16250,0,0,0,1,0
16251,0,0,0,1,0
16252,0,0,0,1,1
16253,1,0,0,1,0
16254,1,0,0,1,0
16255,0,0,0,1,0
16256,0,0,1,1,0
16257,0,0,0,1,1
16258,1,0,0,1,0
16260,0,0,0,1,1
16261,0,0,0,1,1
16262,0,0,0,1,2
16265,1,0,0,1,0
16266,1,0,0,1,0
16270,1,0,0,1,0
16275,0,0,0,1,0
16276,0,0,0,2,0
16277,0,0,0,1,1
16278,1,0,0,1,0
16280,0,0,1,1,0
16281,0,1,0,1,0
16282,0,1,0,1,0
16285,0,0,0,1,1
16286,0,1,0,1,0
16290,1,0,0,1,0
16300,0,0,0,1,1
16301,0,0,0,1,1
16302,0,0,0,1,2
16305,0,0,0,1,1
16306,0,1,0,1,0
16310,0,0,0,1,2
16325,1,0,0,1,0
16326,1,0,0,1,0
16330,1,0,0,1,0
16350,1,0,0,1,0
16375,0,0,0,1,0
16376,0,0,0,1,0
16377,0,0,0,1,1
16378,1,0,0,1,0
16380,0,0,0,2,0
16381,0,0,0,2,0
16382,0,0,0,2,1
16385,0,0,0,1,1
16386,0,0,1,2,0
16390,1,0,0,1,0
16400,0,1,0,0,0
16401,0,1,0,0,0
16402,0,1,0,0,1
16405,0,1,0,1,0
16406,0,1,0,1,0
16410,0,1,0,1,0
16425,0,1,0,0,0
16426,0,1,0,1,0
16430,0,1,0,1,0
16450,1,0,0,1,0
16500,0,0,0,1,1
16501,0,0,0,1,1
16502,0,0,0,1,2
16505,0,0,0,1,1
16506,0,0,1,1,1
16510,0,0,0,1,2
16525,0,1,0,0,0
16526,0,1,0,0,0
16530,0,1,0,1,0
16550,0,1,1,0,0
16625,1,0,0,1,0
16626,1,0,0,1,0
16630,1,0,0,1,0
16650,1,0,0,1,0
16750,1,0,0,1,0
16875,0,0,0,0,1
16876,0,0,0,0,1
16877,0,0,0,0,2
16878,1,0,0,0,1
16880,0,0,0,0,1
16881,0,0,1,0,1
16882,0,0,0,0,2
16885,0,0,0,0,2
16886,0,0,0,0,2
16890,1,0,0,0,1
16900,0,0,0,2,0
16901,0,0,0,1,1
16902,0,0,0,2,1
16905,0,0,1,0,1
16906,0,1,0,0,1
16910,0,0,0,2,1
16925,0,0,0,0,2
16926,0,0,0,3,0
16930,0,0,1,2,0
16950,1,0,0,0,1
17000,0,0,1,1,0
17001,0,0,1,1,0
17002,0,0,1,1,1
17005,0,0,0,1,1
17006,0,0,2,1,0
17010,0,0,1,1,1
17025,0,1,0,1,0
17026,0,1,0,1,0
17030,0,1,0,0,1
17050,0,1,0,1,0
17125,0,0,0,0,2
17126,0,0,0,0,2
17130,0,0,1,2,0
17150,0,1,0,1,0
17250,1,0,0,0,1
17500,1,0,0,0,0
17501,1,0,0,0,0
17502,1,0,0,0,1
17505,1,0,0,0,0
17506,1,0,1,0,0
17510,1,0,0,0,1
17525,1,0,0,0,0
17526,1,0,0,1,0
17530,1,0,1,0,0
17550,1,0,0,0,1
17625,1,0,0,0,0
17626,1,0,0,0,0
17630,1,0,0,1,0
17650,1,0,1,0,0
17750,1,0,0,0,1
18125,1,0,0,1,0
18126,1,0,0,1,0
18130,1,0,0,1,0
18150,1,0,0,1,0
18250,1,0,0,1,0
18750,0,0,1,0,0
18751,0,0,1,0,0
18752,0,0,1,0,1
18753,1,0,1,0,0
18754,1,0,1,0,0
18755,0,0,1,0,0
18756,0,0,2,0,0
18757,0,0,1,0,1
18758,1,0,1,0,0
18760,0,0,1,0,1
18761,0,0,1,0,1
18762,0,0,1,0,2
18765,1,0,1,0,0
18766,1,0,1,0,0
18770,1,0,1,0,0
18775,0,0,1,0,0
18776,0,0,1,1,0
18777,0,0,1,0,1
18778,1,0,1,0,0
18780,0,0,2,0,0
18781,0,1,1,0,0
18782,0,1,1,0,0
18785,0,0,1,0,1
18786,0,1,1,0,0
18790,1,0,1,0,0
18800,0,0,1,0,1
18801,0,0,1,0,1
18802,0,0,1,0,2
18805,0,0,1,0,1
18806,0,1,1,0,0
18810,0,0,1,0,2
18825,1,0,1,0,0
18826,1,0,1,0,0
18830,1,0,1,0,0
18850,1,0,1,0,0
18875,0,0,0,1,0
18876,0,0,0,1,0
18877,0,0,0,1,1
18878,1,0,0,1,0
18880,0,0,1,1,0
18881,0,0,1,1,0
18882,0,0,1,1,1
18885,0,0,0,1,1
18886,0,0,2,1,0
18890,1,0,0,1,0
18900,0,0,2,0,0
18901,0,0,0,2,0
18902,0,0,2,0,1
18905,0,1,1,0,0
18906,0,1,0,1,0
18910,0,1,1,0,0
18925,0,0,0,1,1
18926,0,0,2,1,0
18930,0,1,1,0,0
18950,1,0,0,1,0
19000,0,0,1,0,1
19001,0,0,1,0,1
19002,0,0,1,0,2
19005,0,0,1,0,1
19006,0,0,2,0,1
19010,0,0,1,0,2
19025,0,0,1,0,1
19026,0,0,1,1,1
19030,0,1,0,1,0
19050,0,0,1,0,2
19125,1,0,1,0,0
19126,1,0,1,0,0
19130,1,0,1,0,0
19150,1,0,1,0,0
19250,1,0,0,1,0
19375,0,1,0,0,0
19376,0,1,0,0,0
19377,0,1,0,0,1
19378,1,1,0,0,0
19380,0,1,0,0,0
19381,0,1,1,0,0
19382,0,1,0,0,1
19385,0,1,0,0,1
19386,0,1,0,0,1
19390,1,1,0,0,0
19400,0,1,0,0,0
19401,0,1,0,1,0
19402,0,1,0,0,1
19405,0,1,1,0,0
19406,0,2,0,0,0
19410,0,1,0,0,1
19425,0,1,0,0,1
19426,0,1,0,0,1
19430,0,1,0,0,1
19450,1,1,0,0,0
19500,0,1,0,0,0
19501,0,1,0,0,0
19502,0,1,0,0,1
19505,0,1,0,0,0
19506,0,1,1,0,0
19510,0,1,0,0,1
19525,0,1,1,0,0
19526,0,1,1,0,0
19530,0,2,0,0,0
19550,0,1,1,0,0
19625,0,1,0,0,0
19626,0,1,0,0,0
19630,0,1,0,1,0
19650,0,1,0,1,0
19750,1,1,0,0,0
20000,0,1,0,0,0
20001,0,1,0,0,0
20002,0,1,0,0,1
20005,0,1,0,0,0
20006,0,1,1,0,0
20010,0,1,0,0,1
20025,0,1,0,1,0
20026,0,1,0,1,0
20030,0,1,0,1,0
20050,0,1,0,0,1
20125,0,1,0,1,0
20126,0,1,0,1,0
20130,0,1,0,1,0
20150,0,2,0,0,0
20250,0,1,0,1,0
20625,1,0,1,0,0
20626,1,0,1,0,0
20630,1,0,1,0,0
20650,1,0,1,0,0
20750,1,0,0,1,0
21250,1,1,0,0,0
21875,0,0,0,0,1
21876,0,0,0,0,1
21877,0,0,0,0,2
21878,1,0,0,0,1
21880,0,0,0,0,1
21881,0,0,1,0,1
21882,0,0,0,0,2
21885,0,0,0,0,2
21886,0,0,0,0,2
21890,1,0,0,0,1
21900,0,0,0,0,1
21901,0,0,0,1,1
21902,0,0,0,0,2
21905,0,0,1,0,1
21906,0,1,0,0,1
21910,0,0,0,0,2
21925,0,0,0,0,2
21926,0,0,0,0,2
21930,0,0,0,0,2
21950,1,0,0,0,1
22000,0,0,1,1,0
22001,0,0,1,1,0
22002,0,0,1,1,1
22005,0,0,0,1,1
22006,0,0,2,1,0
22010,0,0,1,1,1
22025,0,0,1,0,1
22026,0,0,1,2,0
22030,0,1,0,0,1
22050,0,0,1,1,1
22125,0,0,0,0,2
22126,0,0,0,0,2
22130,0,0,1,2,0
22150,0,0,2,1,0
22250,1,0,0,0,1
22500,0,1,0,0,0
22501,0,1,0,0,0
22502,0,1,0,0,1
22505,0,1,0,0,0
22506,0,1,1,0,0
22510,0,1,0,0,1
22525,0,1,0,0,0
22526,0,1,0,1,0
22530,0,1,1,0,0
22550,0,1,0,0,1
22625,0,1,1,0,0
22626,0,1,1,0,0
22630,0,1,1,0,0
22650,0,1,0,0,1
22750,0,1,0,1,0
23125,0,1,1,0,0
23126,0,1,1,0,0
23130,0,1,1,0,0
23150,0,1,0,1,0
23250,0,2,0,0,0
23750,1,0,0,0,1
25000,1,0,0,0,0
25001,1,0,0,0,0
25002,1,0,0,0,1
25005,1,0,0,0,0
25006,1,0,1,0,0
25010,1,0,0,0,1
25025,1,0,0,0,0
25026,1,0,0,1,0
25030,1,0,1,0,0
25050,1,0,0,0,1
25125,1,0,0,0,0
25126,1,0,0,0,0
25130,1,0,0,1,0
25150,1,0,1,0,0
25250,1,0,0,0,1
25625,1,0,0,1,0
25626,1,0,0,1,0
25630,1,0,0,1,0
25650,1,0,0,1,0
25750,1,0,0,1,0
26250,1,0,0,0,1
28125,1,0,1,0,0
28126,1,0,1,0,0
28130,1,0,1,0,0
28150,1,0,1,0,0
28250,1,0,0,1,0
28750,1,1,0,0,0
31250,0,0,0,0,1
31251,0,0,0,0,1
31252,0,0,0,0,2
31253,1,0,0,0,1
31254,1,0,0,0,1
31255,0,0,0,0,1
31256,0,0,1,0,1
31257,0,0,0,0,2
31258,1,0,0,0,1
31260,0,0,0,0,2
31261,0,0,0,0,2
31262,0,0,0,0,3
31265,1,0,0,0,1
31266,1,0,0,0,1
31270,1,0,0,0,1
31275,0,0,0,0,1
31276,0,0,0,1,1
31277,0,0,0,0,2
31278,1,0,0,0,1
31280,0,0,1,0,1
31281,0,1,0,0,1
31282,0,1,0,0,1
31285,0,0,0,0,2
31286,0,1,0,0,1
31290,1,0,0,0,1
31300,0,0,0,0,2
31301,0,0,0,0,2
31302,0,0,0,0,3
31305,0,0,0,0,2
31306,0,1,0,0,1
31310,0,0,0,0,3
31325,1,0,0,0,1
31326,1,0,0,0,1
31330,1,0,0,0,1
31350,1,0,0,0,1
31375,0,0,0,0,1
31376,0,0,0,0,1
31377,0,0,0,0,2
31378,1,0,0,0,1
31380,0,0,0,1,1
31381,0,0,0,1,1
31382,0,0,0,1,2
31385,0,0,0,0,2
31386,0,0,1,1,1
31390,1,0,0,0,1
31400,0,0,1,0,1
31401,0,0,0,1,1
31402,0,0,1,0,2
31405,0,1,0,0,1
31406,0,1,0,0,1
31410,0,1,0,0,1
31425,0,0,0,0,2
31426,0,0,1,1,1
31430,0,1,0,0,1
31450,1,0,0,0,1
31500,0,0,0,0,2
31501,0,0,0,0,2
31502,0,0,0,0,3
31505,0,0,0,0,2
31506,0,0,1,0,2
31510,0,0,0,0,3
31525,0,0,0,0,2
31526,0,0,0,1,2
31530,0,1,0,0,1
31550,0,0,0,0,3
31625,1,0,0,0,1
31626,1,0,0,0,1
31630,1,0,0,0,1
31650,1,0,0,0,1
31750,1,0,0,0,1
31875,0,0,0,0,1
31876,0,0,0,0,1
31877,0,0,0,0,2
31878,1,0,0,0,1
31880,0,0,0,0,1
31881,0,0,1,0,1
31882,0,0,0,0,2
31885,0,0,0,0,2
31886,0,0,0,0,2
31890,1,0,0,0,1
31900,0,0,0,1,1
31901,0,0,0,1,1
31902,0,0,0,1,2
31905,0,0,0,1,1
31906,0,1,0,0,1
31910,0,0,0,1,2
31925,0,0,0,0,2
31926,0,0,0,2,1
31930,0,0,1,1,1
31950,1,0,0,0,1
32000,0,0,1,0,1
32001,0,0,1,0,1
32002,0,0,1,0,2
32005,0,0,0,1,1
32006,0,0,2,0,1
32010,0,0,1,0,2
32025,0,1,0,0,1
32026,0,1,0,0,1
32030,0,1,0,0,1
32050,0,1,0,0,1
32125,0,0,0,0,2
32126,0,0,0,0,2
32130,0,0,1,1,1
32150,0,1,0,0,1
32250,1,0,0,0,1
32500,0,0,0,0,2
32501,0,0,0,0,2
32502,0,0,0,0,3
32505,0,0,0,0,2
32506,0,0,1,0,2
32510,0,0,0,0,3
32525,0,0,0,0,2
32526,0,0,0,1,2
32530,0,0,1,0,2
32550,0,0,0,0,3
32625,0,0,0,0,2
32626,0,0,0,0,2
32630,0,0,0,1,2
32650,0,1,0,0,1
32750,0,0,0,0,3
33125,1,0,0,0,1
33126,1,0,0,0,1
33130,1,0,0,0,1
33150,1,0,0,0,1
33250,1,0,0,0,1
33750,1,0,0,0,1
34375,0,0,0,0,1
34376,0,0,0,0,1
34377,0,0,0,0,2
34378,1,0,0,0,1
34380,0,0,0,0,1
34381,0,0,1,0,1
34382,0,0,0,0,2
34385,0,0,0,0,2
34386,0,0,0,0,2
34390,1,0,0,0,1
34400,0,0,0,0,1
34401,0,0,0,1,1
34402,0,0,0,0,2
34405,0,0,1,0,1
34406,0,1,0,0,1
34410,0,0,0,0,2
34425,0,0,0,0,2
34426,0,0,0,0,2
34430,0,0,0,0,2
34450,1,0,0,0,1
34500,0,0,0,1,1
34501,0,0,0,1,1
34502,0,0,0,1,2
34505,0,0,0,1,1
34506,0,0,1,1,1
34510,0,0,0,1,2
34525,0,0,0,1,1
34526,0,0,0,2,1
34530,0,1,0,0,1
34550,0,0,0,1,2
34625,0,0,0,0,2
34626,0,0,0,0,2
34630,0,0,0,2,1
34650,0,0,1,1,1
34750,1,0,0,0,1
35000,0,1,0,0,0
35001,0,1,0,0,0
35002,0,1,0,0,1
35005,0,1,0,0,0
35006,0,1,1,0,0
35010,0,1,0,0,1
35025,0,1,0,0,0
35026,0,1,0,1,0
35030,0,1,1,0,0
35050,0,1,0,0,1
35125,0,1,0,0,1
35126,0,1,0,0,1
35130,0,1,0,0,1
35150,0,1,0,0,1
35250,0,1,0,0,1
35625,0,1,0,1,0
35626,0,1,0,1,0
35630,0,1,0,1,0
35650,0,1,0,1,0
35750,0,1,0,0,1
36250,1,0,0,0,1
37500,0,0,0,0,2
37501,0,0,0,0,2
37502,0,0,0,0,3
37505,0,0,0,0,2
37506,0,0,1,0,2
37510,0,0,0,0,3
37525,0,0,0,0,2
37526,0,0,0,1,2
37530,0,0,1,0,2
37550,0,0,0,0,3
37625,0,0,0,0,2
37626,0,0,0,0,2
37630,0,0,0,1,2
37650,0,0,1,0,2
37750,0,0,0,0,3
38125,0,1,1,0,0
38126,0,1,1,0,0
38130,0,1,1,0,0
38150,0,1,1,0,0
38250,0,1,0,0,1
38750,0,2,0,0,0
40625,1,0,0,0,1
40626,1,0,0,0,1
40630,1,0,0,0,1
40650,1,0,0,0,1
40750,1,0,0,0,1
41250,1,0,0,0,1
43750,1,0,0,0,1
46875,1,0,0,0,0
46876,1,0,0,0,0
46877,1,0,0,0,1
46878,2,0,0,0,0
46880,1,0,0,0,0
46881,1,0,1,0,0
46882,1,0,0,0,1
46885,1,0,0,0,1
46886,1,0,0,0,1
46890,2,0,0,0,0
46900,1,0,0,0,0
46901,1,0,0,1,0
46902,1,0,0,0,1
46905,1,0,1,0,0
46906,1,1,0,0,0
46910,1,0,0,0,1
46925,1,0,0,0,1
46926,1,0,0,0,1
46930,1,0,0,0,1
46950,2,0,0,0,0
47000,1,0,0,0,0
47001,1,0,0,0,0
47002,1,0,0,0,1
47005,1,0,0,1,0
47006,1,0,0,1,0
47010,1,0,0,0,1
47025,1,0,1,0,0
47026,1,0,0,1,0
47030,1,1,0,0,0
47050,1,0,0,0,1
47125,1,0,0,0,1
47126,1,0,0,0,1
47130,1,0,0,0,1
47150,1,0,0,0,1
47250,2,0,0,0,0
47500,1,0,0,0,0
47501,1,0,0,0,0
47502,1,0,0,0,1
47505,1,0,0,0,0
47506,1,0,1,0,0
47510,1,0,0,0,1
47525,1,0,0,1,0
47526,1,0,0,1,0
47530,1,0,0,1,0
47550,1,0,0,0,1
47625,1,0,1,0,0
47626,1,0,1,0,0
47630,1,0,0,1,0
47650,1,1,0,0,0
47750,1,0,0,0,1
48125,1,0,0,0,1
48126,1,0,0,0,1
48130,1,0,0,0,1
48150,1,0,0,0,1
48250,1,0,0,0,1
48750,2,0,0,0,0
50000,1,0,0,0,0
50001,1,0,0,0,0
50002,1,0,0,0,1
50005,1,0,0,0,0
50006,1,0,1,0,0
50010,1,0,0,0,1
50025,1,0,0,0,0
50026,1,0,0,1,0
50030,1,0,1,0,0
50050,1,0,0,0,1
50125,1,0,0,1,0
50126,1,0,0,1,0
50130,1,0,0,1,0
50150,1,0,0,1,0
50250,1,0,0,0,1
50625,1,0,1,0,0
50626,1,0,1,0,0
50630,1,0,1,0,0
50650,1,0,0,1,0
50750,1,1,0,0,0
51250,1,0,0,0,1
53125,1,0,0,0,1
53126,1,0,0,0,1
53130,1,0,0,0,1
53150,1,0,0,0,1
53250,1,0,0,0,1
53750,1,0,0,0,1
56250,2,0,0,0,0
62500,1,0,0,0,0
62501,1,0,0,0,0
62502,1,0,0,0,1
62505,1,0,0,0,0
62506,1,0,1,0,0
62510,1,0,0,0,1
62525,1,0,0,0,0
62526,1,0,0,1,0
62530,1,0,1,0,0
62550,1,0,0,0,1
62625,1,0,0,0,0
62626,1,0,0,0,0
62630,1,0,0,1,0
62650,1,0,1,0,0
62750,1,0,0,0,1
63125,1,0,0,1,0
63126,1,0,0,1,0
63130,1,0,0,1,0
63150,1,0,0,1,0
63250,1,0,0,1,0
63750,1,0,0,0,1
65625,1,0,1,0,0
65626,1,0,1,0,0
65630,1,0,1,0,0
65650,1,0,1,0,0
65750,1,0,0,1,0
66250,1,1,0,0,0
68750,1,0,0,0,1
78125,0,0,0,0,0
78126,0,0,0,0,0
78127,0,0,0,0,1
78128,1,0,0,0,0
78129,1,0,0,0,0
78130,0,0,0,0,0
78131,0,0,1,0,0
78132,0,0,0,0,1
78133,1,0,0,0,0
78134,1,0,1,0,0
78135,0,0,0,0,1
78136,0,0,0,0,1
78137,0,0,0,0,2
78138,1,0,0,0,1
78140,1,0,0,0,0
78141,1,0,0,0,0
78142,1,0,0,0,1
78145,1,0,0,0,0
78146,1,0,1,0,0
78150,0,0,0,0,0
78151,0,0,0,1,0
78152,0,0,0,0,1
78153,1,0,0,0,0
78154,1,0,0,1,0
78155,0,0,1,0,0
78156,0,1,0,0,0
78157,0,1,0,0,0
78158,1,0,1,0,0
78160,0,0,0,0,1
78161,0,1,0,0,0
78162,0,1,1,0,0
78165,1,0,0,0,0
78166,1,0,0,1,0
78170,1,0,1,0,0
78175,0,0,0,0,1
78176,0,0,0,0,1
78177,0,0,0,0,2
78178,1,0,0,0,1
78180,0,0,0,0,1
78181,0,1,0,0,0
78182,0,1,0,1,0
78185,0,0,0,0,2
78186,0,1,1,0,0
78190,1,0,0,0,1
78200,1,0,0,0,0
78201,1,0,0,0,0
78202,1,0,0,0,1
78205,1,0,0,0,0
78206,1,0,1,0,0
78210,1,0,0,0,1
78225,1,0,0,0,0
78226,1,0,0,1,0
78230,1,0,1,0,0
78250,0,0,0,0,0
78251,0,0,0,0,0
78252,0,0,0,0,1
78253,1,0,0,0,0
78254,1,0,0,0,0
78255,0,0,0,1,0
78256,0,0,0,1,0
78257,0,0,0,1,1
78258,1,0,0,1,0
78260,0,0,0,0,1
78261,0,0,1,1,0
78262,0,0,0,0,2
78265,1,0,0,0,0
78266,1,0,0,0,0
78270,1,0,0,1,0
78275,0,0,1,0,0
78276,0,0,0,1,0
78277,0,0,1,0,1
78278,1,0,1,0,0
78280,0,1,0,0,0
78281,0,1,0,0,0
78282,0,1,0,0,0
78285,0,1,0,0,0
78286,0,1,0,1,0
78290,1,0,1,0,0
78300,0,0,0,0,1
78301,0,0,1,1,0
78302,0,0,0,0,2
78305,0,1,0,0,0
78306,0,1,1,0,0
78310,0,1,1,0,0
78325,1,0,0,0,0
78326,1,0,0,0,0
78330,1,0,0,1,0
78350,1,0,1,0,0
78375,0,0,0,0,1
78376,0,0,0,0,1
78377,0,0,0,0,2
78378,1,0,0,0,1
78380,0,0,0,0,1
78381,0,0,1,0,1
78382,0,0,0,0,2
78385,0,0,0,0,2
78386,0,0,0,0,2
78390,1,0,0,0,1
78400,0,0,0,0,1
78401,0,0,0,1,1
78402,0,0,0,0,2
78405,0,1,0,0,0
78406,0,1,0,0,1
78410,0,1,0,1,0
78425,0,0,0,0,2
78426,0,0,0,0,2
78430,0,1,1,0,0
78450,1,0,0,0,1
78500,1,0,0,0,0
78501,1,0,0,0,0
78502,1,0,0,0,1
78505,1,0,0,0,0
78506,1,0,1,0,0
78510,1,0,0,0,1
78525,1,0,0,0,0
78526,1,0,0,1,0
78530,1,0,1,0,0
78550,1,0,0,0,1
78625,1,0,0,0,0
78626,1,0,0,0,0
78630,1,0,0,1,0
78650,1,0,1,0,0
78750,0,0,0,0,0
78751,0,0,0,0,0
78752,0,0,0,0,1
78753,1,0,0,0,0
78754,1,0,0,0,0
78755,0,0,0,0,0
78756,0,0,1,0,0
78757,0,0,0,0,1
78758,1,0,0,0,0
78760,0,0,0,0,1
78761,0,0,0,0,1
78762,0,0,0,0,2
78765,1,0,0,0,0
78766,1,0,0,0,0
78770,1,0,0,0,0
78775,0,0,0,1,0
78776,0,0,0,1,0
78777,0,0,0,1,1
78778,1,0,0,1,0
78780,0,0,0,1,0
78781,0,1,0,0,0
78782,0,1,0,0,0
78785,0,0,0,1,1
78786,0,1,0,0,0
78790,1,0,0,1,0
78800,0,0,0,0,1
78801,0,0,0,2,0
78802,0,0,0,0,2
78805,0,0,1,1,0
78806,0,1,0,1,0
78810,0,0,0,0,2
78825,1,0,0,0,0
78826,1,0,0,0,0
78830,1,0,0,0,0
78850,1,0,0,1,0
78875,0,0,1,0,0
78876,0,0,1,0,0
78877,0,0,1,0,1
78878,1,0,1,0,0
78880,0,0,0,1,0
78881,0,0,2,0,0
78882,0,0,0,1,1
78885,0,0,1,0,1
78886,0,0,1,0,1
78890,1,0,1,0,0
78900,0,1,0,0,0
78901,0,1,0,0,0
78902,0,1,0,0,1
78905,0,1,0,0,0
78906,0,1,1,0,0
78910,0,1,0,0,0
78925,0,1,0,0,0
78926,0,1,0,1,0
78930,0,1,0,1,0
78950,1,0,1,0,0
79000,0,0,0,0,1
79001,0,0,0,0,1
79002,0,0,0,0,2
79005,0,0,1,1,0
79006,0,0,1,0,1
79010,0,0,0,0,2
79025,0,1,0,0,0
79026,0,1,0,0,0
79030,0,1,1,0,0
79050,0,1,1,0,0
79125,1,0,0,0,0
79126,1,0,0,0,0
79130,1,0,0,0,0
79150,1,0,0,1,0
79250,1,0,1,0,0
79375,0,0,0,0,1
79376,0,0,0,0,1
79377,0,0,0,0,2
79378,1,0,0,0,1
79380,0,0,0,0,1
79381,0,0,1,0,1
79382,0,0,0,0,2
79385,0,0,0,0,2
79386,0,0,0,0,2
79390,1,0,0,0,1
79400,0,0,0,0,1
79401,0,0,0,1,1
79402,0,0,0,0,2
79405,0,0,1,0,1
79406,0,1,0,0,1
79410,0,0,0,0,2
79425,0,0,0,0,2
79426,0,0,0,0,2
79430,0,0,0,0,2
79450,1,0,0,0,1
79500,0,0,0,0,1
79501,0,0,0,0,1
79502,0,0,0,0,2
79505,0,0,0,1,1
79506,0,0,0,1,1
79510,0,0,0,0,2
79525,0,1,0,0,0
79526,0,1,0,0,0
79530,0,1,0,0,1
79550,0,1,0,1,0
79625,0,0,0,0,2
79626,0,0,0,0,2
79630,0,0,0,0,2
79650,0,1,1,0,0
79750,1,0,0,0,1
80000,1,0,0,0,0
80001,1,0,0,0,0
80002,1,0,0,0,1
80005,1,0,0,0,0
80006,1,0,1,0,0
80010,1,0,0,0,1
80025,1,0,0,0,0
80026,1,0,0,1,0
80030,1,0,1,0,0
80050,1,0,0,0,1
80125,1,0,0,0,0
80126,1,0,0,0,0
80130,1,0,0,1,0
80150,1,0,1,0,0
80250,1,0,0,0,1
80625,1,0,0,0,0
80626,1,0,0,0,0
80630,1,0,0,0,0
80650,1,0,0,1,0
80750,1,0,1,0,0
81250,0,0,0,1,0
81251,0,0,0,1,0
81252,0,0,0,1,1
81253,1,0,0,1,0
81254,1,0,0,1,0
81255,0,0,0,1,0
81256,0,0,1,1,0
81257,0,0,0,1,1
81258,1,0,0,1,0
81260,0,0,0,1,1
81261,0,0,0,1,1
81262,0,0,0,1,2
81265,1,0,0,1,0
81266,1,0,0,1,0
81270,1,0,0,1,0
81275,0,0,0,1,0
81276,0,0,0,2,0
81277,0,0,0,1,1
81278,1,0,0,1,0
81280,0,0,1,1,0
81281,0,1,0,1,0
81282,0,1,0,1,0
81285,0,0,0,1,1
81286,0,1,0,1,0
81290,1,0,0,1,0
81300,0,0,0,1,1
81301,0,0,0,1,1
81302,0,0,0,1,2
81305,0,0,0,1,1
81306,0,1,0,1,0
81310,0,0,0,1,2
81325,1,0,0,1,0
81326,1,0,0,1,0
81330,1,0,0,1,0
81350,1,0,0,1,0
81375,0,0,0,1,0
81376,0,0,0,1,0
81377,0,0,0,1,1
81378,1,0,0,1,0
81380,0,0,0,2,0
81381,0,0,0,2,0
81382,0,0,0,2,1
81385,0,0,0,1,1
81386,0,0,1,2,0
81390,1,0,0,1,0
81400,0,0,1,1,0
81401,0,0,0,2,0
81402,0,0,1,1,1
81405,0,1,0,1,0
81406,0,1,0,1,0
81410,0,1,0,1,0
81425,0,0,0,1,1
81426,0,0,1,2,0
81430,0,1,0,1,0
81450,1,0,0,1,0
81500,0,0,0,1,1
81501,0,0,0,1,1
81502,0,0,0,1,2
81505,0,0,0,1,1
81506,0,0,1,1,1
81510,0,0,0,1,2
81525,0,0,0,1,1
81526,0,0,0,2,1
81530,0,1,0,1,0
81550,0,0,0,1,2
81625,1,0,0,1,0
81626,1,0,0,1,0
81630,1,0,0,1,0
81650,1,0,0,1,0
81750,1,0,0,1,0
81875,0,0,0,1,0
81876,0,0,0,1,0
81877,0,0,0,1,1
81878,1,0,0,1,0
81880,0,0,0,1,0
81881,0,0,1,1,0
81882,0,0,0,1,1
81885,0,0,0,1,1
81886,0,0,0,1,1
81890,1,0,0,1,0
81900,0,0,0,2,0
81901,0,0,0,2,0
81902,0,0,0,2,1
81905,0,0,0,2,0
81906,0,1,0,1,0
81910,0,0,0,2,1
81925,0,0,0,1,1
81926,0,0,0,3,0
81930,0,0,1,2,0
81950,1,0,0,1,0
82000,0,1,0,0,0
82001,0,1,0,0,0
82002,0,1,0,0,1
82005,0,1,0,0,0
82006,0,1,1,0,0
82010,0,1,0,0,1
82025,0,1,0,1,0
82026,0,1,0,1,0
82030,0,1,0,1,0
82050,0,1,0,1,0
82125,0,1,0,0,0
82126,0,1,0,0,0
82130,0,1,0,1,0
82150,0,1,0,1,0
82250,1,0,0,1,0
82500,0,0,0,1,1
82501,0,0,0,1,1
82502,0,0,0,1,2
82505,0,0,0,1,1
82506,0,0,1,1,1
82510,0,0,0,1,2
82525,0,0,0,1,1
82526,0,0,0,2,1
82530,0,0,1,1,1
82550,0,0,0,1,2
82625,0,1,0,0,0
82626,0,1,0,0,0
82630,0,1,0,0,0
82650,0,1,0,1,0
82750,0,1,1,0,0
83125,1,0,0,1,0
83126,1,0,0,1,0
83130,1,0,0,1,0
83150,1,0,0,1,0
83250,1,0,0,1,0
83750,1,0,0,1,0
84375,0,0,0,0,1
84376,0,0,0,0,1
84377,0,0,0,0,2
84378,1,0,0,0,1
84380,0,0,0,0,1
84381,0,0,1,0,1
84382,0,0,0,0,2
84385,0,0,0,0,2
84386,0,0,0,0,2
84390,1,0,0,0,1
84400,0,0,0,0,1
84401,0,0,0,1,1
84402,0,0,0,0,2
84405,0,0,1,0,1
84406,0,1,0,0,1
84410,0,0,0,0,2
84425,0,0,0,0,2
84426,0,0,0,0,2
84430,0,0,0,0,2
84450,1,0,0,0,1
84500,0,0,0,2,0
84501,0,0,0,2,0
84502,0,0,0,2,1
84505,0,0,0,1,1
84506,0,0,1,2,0
84510,0,0,0,2,1
84525,0,0,1,0,1
84526,0,0,0,3,0
84530,0,1,0,0,1
84550,0,0,0,2,1
84625,0,0,0,0,2
84626,0,0,0,0,2
84630,0,0,0,3,0
84650,0,0,1,2,0
84750,1,0,0,0,1
85000,0,0,1,1,0
85001,0,0,1,1,0
85002,0,0,1,1,1
85005,0,0,1,1,0
85006,0,0,2,1,0
85010,0,0,1,1,1
85025,0,0,0,1,1
85026,0,0,1,2,0
85030,0,0,2,1,0
85050,0,0,1,1,1
85125,0,1,0,1,0
85126,0,1,0,1,0
85130,0,1,0,1,0
85150,0,1,0,0,1
85250,0,1,0,1,0
85625,0,0,0,0,2
85626,0,0,0,0,2
85630,0,0,0,0,2
85650,0,0,1,2,0
85750,0,1,0,1,0
86250,1,0,0,0,1
87500,1,0,0,0,0
87501,1,0,0,0,0
87502,1,0,0,0,1
87505,1,0,0,0,0
87506,1,0,1,0,0
87510,1,0,0,0,1
87525,1,0,0,0,0
87526,1,0,0,1,0
87530,1,0,1,0,0
87550,1,0,0,0,1
87625,1,0,0,0,0
87626,1,0,0,0,0
87630,1,0,0,1,0
87650,1,0,1,0,0
87750,1,0,0,0,1
88125,1,0,0,0,0
88126,1,0,0,0,0
88130,1,0,0,0,0
88150,1,0,0,1,0
88250,1,0,1,0,0
88750,1,0,0,0,1
90625,1,0,0,1,0
90626,1,0,0,1,0
90630,1,0,0,1,0
90650,1,0,0,1,0
90750,1,0,0,1,0
91250,1,0,0,1,0
93750,0,0,1,0,0
93751,0,0,1,0,0
93752,0,0,1,0,1
93753,1,0,1,0,0
93754,1,0,1,0,0
93755,0,0,1,0,0
93756,0,0,2,0,0
93757,0,0,1,0,1
93758,1,0,1,0,0
93760,0,0,1,0,1
93761,0,0,1,0,1
93762,0,0,1,0,2
93765,1,0,1,0,0
93766,1,0,1,0,0
93770,1,0,1,0,0
93775,0,0,1,0,0
93776,0,0,1,1,0
93777,0,0,1,0,1
93778,1,0,1,0,0
93780,0,0,2,0,0
93781,0,1,1,0,0
93782,0,1,1,0,0
93785,0,0,1,0,1
93786,0,1,1,0,0
93790,1,0,1,0,0
93800,0,0,1,0,1
93801,0,0,1,0,1
93802,0,0,1,0,2
93805,0,0,1,0,1
93806,0,1,1,0,0
93810,0,0,1,0,2
93825,1,0,1,0,0
93826,1,0,1,0,0
93830,1,0,1,0,0
93850,1,0,1,0,0
93875,0,0,1,0,0
93876,0,0,1,0,0
93877,0,0,1,0,1
93878,1,0,1,0,0
93880,0,0,1,1,0
93881,0,0,1,1,0
93882,0,0,1,1,1
93885,0,0,1,0,1
93886,0,0,2,1,0
93890,1,0,1,0,0
93900,0,0,2,0,0
93901,0,0,1,1,0
93902,0,0,2,0,1
93905,0,1,1,0,0
93906,0,1,1,0,0
93910,0,1,1,0,0
93925,0,0,1,0,1
93926,0,0,2,1,0
93930,0,1,1,0,0
93950,1,0,1,0,0
94000,0,0,1,0,1
94001,0,0,1,0,1
94002,0,0,1,0,2
94005,0,0,1,0,1
94006,0,0,2,0,1
94010,0,0,1,0,2
94025,0,0,1,0,1
94026,0,0,1,1,1
94030,0,1,1,0,0
94050,0,0,1,0,2
94125,1,0,1,0,0
94126,1,0,1,0,0
94130,1,0,1,0,0
94150,1,0,1,0,0
94250,1,0,1,0,0
94375,0,0,0,1,0
94376,0,0,0,1,0
94377,0,0,0,1,1
94378,1,0,0,1,0
94380,0,0,0,1,0
94381,0,0,1,1,0
94382,0,0,0,1,1
94385,0,0,0,1,1
94386,0,0,0,1,1
94390,1,0,0,1,0
94400,0,0,1,1,0
94401,0,0,0,2,0
94402,0,0,1,1,1
94405,0,0,1,1,0
94406,0,1,0,1,0
94410,0,0,1,1,1
94425,0,0,0,1,1
94426,0,0,1,2,0
94430,0,0,2,1,0
94450,1,0,0,1,0
94500,0,0,2,0,0
94501,0,0,2,0,0
94502,0,0,2,0,1
94505,0,0,0,2,0
94506,0,0,3,0,0
94510,0,0,2,0,1
94525,0,1,1,0,0
94526,0,1,1,0,0
94530,0,1,0,1,0
94550,0,1,1,0,0
94625,0,0,0,1,1
94626,0,0,0,1,1
94630,0,0,2,1,0
94650,0,1,1,0,0
94750,1,0,0,1,0
95000,0,0,1,0,1
95001,0,0,1,0,1
95002,0,0,1,0,2
95005,0,0,1,0,1
95006,0,0,2,0,1
95010,0,0,1,0,2
95025,0,0,1,0,1
95026,0,0,1,1,1
95030,0,0,2,0,1
95050,0,0,1,0,2
95125,0,0,1,0,1
95126,0,0,1,0,1
95130,0,0,1,1,1
95150,0,1,0,1,0
95250,0,0,1,0,2
95625,1,0,1,0,0
95626,1,0,1,0,0
95630,1,0,1,0,0
95650,1,0,1,0,0
95750,1,0,1,0,0
96250,1,0,0,1,0
96875,0,1,0,0,0
96876,0,1,0,0,0
96877,0,1,0,0,1
96878,1,1,0,0,0
96880,0,1,0,0,0
96881,0,1,1,0,0
96882,0,1,0,0,1
96885,0,1,0,0,1
96886,0,1,0,0,1
96890,1,1,0,0,0
96900,0,1,0,0,0
96901,0,1,0,1,0
96902,0,1,0,0,1
96905,0,1,1,0,0
96906,0,2,0,0,0
96910,0,1,0,0,1
96925,0,1,0,0,1
96926,0,1,0,0,1
96930,0,1,0,0,1
96950,1,1,0,0,0
97000,0,1,0,0,0
97001,0,1,0,0,0
97002,0,1,0,0,1
97005,0,1,0,1,0
97006,0,1,0,1,0
97010,0,1,0,0,1
97025,0,1,1,0,0
97026,0,1,0,1,0
97030,0,2,0,0,0
97050,0,1,0,0,1
97125,0,1,0,0,1
97126,0,1,0,0,1
97130,0,1,0,0,1
97150,0,1,0,0,1
97250,1,1,0,0,0
97500,0,1,0,0,0
97501,0,1,0,0,0
97502,0,1,0,0,1
97505,0,1,0,0,0
97506,0,1,1,0,0
97510,0,1,0,0,1
97525,0,1,0,0,0
97526,0,1,0,1,0
97530,0,1,1,0,0
97550,0,1,0,0,1
97625,0,1,1,0,0
97626,0,1,1,0,0
97630,0,1,1,0,0
97650,0,2,0,0,0
97750,0,1,1,0,0
98125,0,1,0,0,0
98126,0,1,0,0,0
98130,0,1,0,0,0
98150,0,1,0,1,0
98250,0,1,0,1,0
98750,1,1,0,0,0
100000,0,1,0,0,0
100001,0,1,0,0,0
100002,0,1,0,0,1
100005,0,1,0,0,0
100006,0,1,1,0,0
100010,0,1,0,0,1
100025,0,1,0,0,0
100026,0,1,0,1,0
100030,0,1,1,0,0
100050,0,1,0,0,1
100125,0,1,0,1,0
100126,0,1,0,1,0
100130,0,1,0,1,0
100150,0,1,0,1,0
100250,0,1,0,0,1
100625,0,1,0,1,0
100626,0,1,0,1,0
100630,0,1,0,1,0
100650,0,1,0,1,0
100750,0,2,0,0,0
101250,0,1,0,1,0
103125,1,0,1,0,0
103126,1,0,1,0,0
103130,1,0,1,0,0
103150,1,0,1,0,0
103250,1,0,1,0,0
103750,1,0,0,1,0
106250,1,1,0,0,0
109375,0,0,0,0,1
109376,0,0,0,0,1
109377,0,0,0,0,2
109378,1,0,0,0,1
109380,0,0,0,0,1
109381,0,0,1,0,1
109382,0,0,0,0,2
109385,0,0,0,0,2
109386,0,0,0,0,2
109390,1,0,0,0,1
109400,0,0,0,0,1
109401,0,0,0,1,1
109402,0,0,0,0,2
109405,0,0,1,0,1
109406,0,1,0,0,1
109410,0,0,0,0,2
109425,0,0,0,0,2
109426,0,0,0,0,2
109430,0,0,0,0,2
109450,1,0,0,0,1
109500,0,0,0,0,1
109501,0,0,0,0,1
109502,0,0,0,0,2
109505,0,0,0,1,1
109506,0,0,0,1,1
109510,0,0,0,0,2
109525,0,0,1,0,1
109526,0,0,0,1,1
109530,0,1,0,0,1
109550,0,0,0,0,2
109625,0,0,0,0,2
109626,0,0,0,0,2
109630,0,0,0,0,2
109650,0,0,0,0,2
109750,1,0,0,0,1
110000,0,0,1,1,0
110001,0,0,1,1,0
110002,0,0,1,1,1
110005,0,0,1,1,0
110006,0,0,2,1,0
110010,0,0,1,1,1
110025,0,0,0,1,1
110026,0,0,1,2,0
110030,0,0,2,1,0
110050,0,0,1,1,1
110125,0,0,1,0,1
110126,0,0,1,0,1
110130,0,0,1,2,0
110150,0,1,0,0,1
110250,0,0,1,1,1
110625,0,0,0,0,2
110626,0,0,0,0,2
110630,0,0,0,0,2
110650,0,0,1,2,0
110750,0,0,2,1,0
111250,1,0,0,0,1
112500,0,1,0,0,0
112501,0,1,0,0,0
112502,0,1,0,0,1
112505,0,1,0,0,0
112506,0,1,1,0,0
112510,0,1,0,0,1
112525,0,1,0,0,0
112526,0,1,0,1,0
112530,0,1,1,0,0
112550,0,1,0,0,1
112625,0,1,0,0,0
112626,0,1,0,0,0
112630,0,1,0,1,0
112650,0,1,1,0,0
112750,0,1,0,0,1
113125,0,1,1,0,0
113126,0,1,1,0,0
113130,0,1,1,0,0
113150,0,1,1,0,0
113250,0,1,0,0,1
113750,0,1,0,1,0
115625,0,1,1,0,0
115626,0,1,1,0,0
115630,0,1,1,0,0
115650,0,1,1,0,0
115750,0,1,0,1,0
116250,0,2,0,0,0
118750,1,0,0,0,1
125000,1,0,0,0,0
125001,1,0,0,0,0
125002,1,0,0,0,1
125005,1,0,0,0,0
125006,1,0,1,0,0
125010,1,0,0,0,1
125025,1,0,0,0,0
125026,1,0,0,1,0
125030,1,0,1,0,0
125050,1,0,0,0,1
125125,1,0,0,0,0
125126,1,0,0,0,0
125130,1,0,0,1,0
125150,1,0,1,0,0
125250,1,0,0,0,1
125625,1,0,0,0,0
125626,1,0,0,0,0
125630,1,0,0,0,0
125650,1,0,0,1,0
125750,1,0,1,0,0
126250,1,0,0,0,1
128125,1,0,0,1,0
128126,1,0,0,1,0
128130,1,0,0,1,0
128150,1,0,0,1,0
128250,1,0,0,1,0
128750,1,0,0,1,0
131250,1,0,0,0,1
140625,1,0,1,0,0
140626,1,0,1,0,0
140630,1,0,1,0,0
140650,1,0,1,0,0
140750,1,0,1,0,0
141250,1,0,0,1,0
143750,1,1,0,0,0
156250,0,0,0,0,1
156251,0,0,0,0,1
156252,0,0,0,0,2
156253,1,0,0,0,1
156254,1,0,0,0,1
156255,0,0,0,0,1
156256,0,0,1,0,1
156257,0,0,0,0,2
156258,1,0,0,0,1
156260,0,0,0,0,2
156261,0,0,0,0,2
156262,0,0,0,0,3
156265,1,0,0,0,1
156266,1,0,0,0,1
156270,1,0,0,0,1
156275,0,0,0,0,1
156276,0,0,0,1,1
156277,0,0,0,0,2
156278,1,0,0,0,1
156280,0,0,1,0,1
156281,0,1,0,0,1
156282,0,1,0,0,1
156285,0,0,0,0,2
156286,0,1,0,0,1
156290,1,0,0,0,1
156300,0,0,0,0,2
156301,0,0,0,0,2
156302,0,0,0,0,3
156305,0,0,0,0,2
156306,0,1,0,0,1
156310,0,0,0,0,3
156325,1,0,0,0,1
156326,1,0,0,0,1
156330,1,0,0,0,1
156350,1,0,0,0,1
156375,0,0,0,0,1
156376,0,0,0,0,1
156377,0,0,0,0,2
156378,1,0,0,0,1
156380,0,0,0,1,1
156381,0,0,0,1,1
156382,0,0,0,1,2
156385,0,0,0,0,2
156386,0,0,1,1,1
156390,1,0,0,0,1
156400,0,0,1,0,1
156401,0,0,0,1,1
156402,0,0,1,0,2
156405,0,1,0,0,1
156406,0,1,0,0,1
156410,0,1,0,0,1
156425,0,0,0,0,2
156426,0,0,1,1,1
156430,0,1,0,0,1
156450,1,0,0,0,1
156500,0,0,0,0,2
156501,0,0,0,0,2
156502,0,0,0,0,3
156505,0,0,0,0,2
156506,0,0,1,0,2
156510,0,0,0,0,3
156525,0,0,0,0,2
156526,0,0,0,1,2
156530,0,1,0,0,1
156550,0,0,0,0,3
156625,1,0,0,0,1
156626,1,0,0,0,1
156630,1,0,0,0,1
156650,1,0,0,0,1
156750,1,0,0,0,1
156875,0,0,0,0,1
156876,0,0,0,0,1
156877,0,0,0,0,2
156878,1,0,0,0,1
156880,0,0,0,0,1
156881,0,0,1,0,1
156882,0,0,0,0,2
156885,0,0,0,0,2
156886,0,0,0,0,2
156890,1,0,0,0,1
156900,0,0,0,1,1
156901,0,0,0,1,1
156902,0,0,0,1,2
156905,0,0,0,1,1
156906,0,1,0,0,1
156910,0,0,0,1,2
156925,0,0,0,0,2
156926,0,0,0,2,1
156930,0,0,1,1,1
156950,1,0,0,0,1
157000,0,0,1,0,1
157001,0,0,1,0,1
157002,0,0,1,0,2
157005,0,0,0,1,1
157006,0,0,2,0,1
157010,0,0,1,0,2
157025,0,1,0,0,1
157026,0,1,0,0,1
157030,0,1,0,0,1
157050,0,1,0,0,1
157125,0,0,0,0,2
157126,0,0,0,0,2
157130,0,0,1,1,1
157150,0,1,0,0,1
157250,1,0,0,0,1
157500,0,0,0,0,2
157501,0,0,0,0,2
157502,0,0,0,0,3
157505,0,0,0,0,2
157506,0,0,1,0,2
157510,0,0,0,0,3
157525,0,0,0,0,2
157526,0,0,0,1,2
157530,0,0,1,0,2
157550,0,0,0,0,3
157625,0,0,0,0,2
157626,0,0,0,0,2
157630,0,0,0,1,2
157650,0,1,0,0,1
157750,0,0,0,0,3
158125,1,0,0,0,1
158126,1,0,0,0,1
158130,1,0,0,0,1
158150,1,0,0,0,1
158250,1,0,0,0,1
158750,1,0,0,0,1
159375,0,0,0,0,1
159376,0,0,0,0,1
159377,0,0,0,0,2
159378,1,0,0,0,1
159380,0,0,0,0,1
159381,0,0,1,0,1
159382,0,0,0,0,2
159385,0,0,0,0,2
159386,0,0,0,0,2
159390,1,0,0,0,1
159400,0,0,0,0,1
159401,0,0,0,1,1
159402,0,0,0,0,2
159405,0,0,1,0,1
159406,0,1,0,0,1
159410,0,0,0,0,2
159425,0,0,0,0,2
159426,0,0,0,0,2
159430,0,0,0,0,2
159450,1,0,0,0,1
159500,0,0,0,1,1
159501,0,0,0,1,1
159502,0,0,0,1,2
159505,0,0,0,1,1
159506,0,0,1,1,1
159510,0,0,0,1,2
159525,0,0,0,1,1
159526,0,0,0,2,1
159530,0,1,0,0,1
159550,0,0,0,1,2
159625,0,0,0,0,2
159626,0,0,0,0,2
159630,0,0,0,2,1
159650,0,0,1,1,1
159750,1,0,0,0,1
160000,0,0,1,0,1
160001,0,0,1,0,1
160002,0,0,1,0,2
160005,0,0,1,0,1
160006,0,0,2,0,1
160010,0,0,1,0,2
160025,0,0,0,1,1
160026,0,0,1,1,1
160030,0,0,2,0,1
160050,0,0,1,0,2
160125,0,1,0,0,1
160126,0,1,0,0,1
160130,0,1,0,0,1
160150,0,1,0,0,1
160250,0,1,0,0,1
160625,0,0,0,0,2
160626,0,0,0,0,2
160630,0,0,0,0,2
160650,0,0,1,1,1
160750,0,1,0,0,1
161250,1,0,0,0,1
162500,0,0,0,0,2
162501,0,0,0,0,2
162502,0,0,0,0,3
162505,0,0,0,0,2
162506,0,0,1,0,2
162510,0,0,0,0,3
162525,0,0,0,0,2
162526,0,0,0,1,2
162530,0,0,1,0,2
162550,0,0,0,0,3
162625,0,0,0,0,2
162626,0,0,0,0,2
162630,0,0,0,1,2
162650,0,0,1,0,2
162750,0,0,0,0,3
163125,0,0,0,0,2
163126,0,0,0,0,2
163130,0,0,0,0,2
163150,0,0,0,1,2
163250,0,1,0,0,1
163750,0,0,0,0,3
165625,1,0,0,0,1
165626,1,0,0,0,1
165630,1,0,0,0,1
165650,1,0,0,0,1
165750,1,0,0,0,1
166250,1,0,0,0,1
168750,1,0,0,0,1
171875,0,0,0,0,1
171876,0,0,0,0,1
171877,0,0,0,0,2
171878,1,0,0,0,1
171880,0,0,0,0,1
171881,0,0,1,0,1
171882,0,0,0,0,2
171885,0,0,0,0,2
171886,0,0,0,0,2
171890,1,0,0,0,1
171900,0,0,0,0,1
171901,0,0,0,1,1
171902,0,0,0,0,2
171905,0,0,1,0,1
171906,0,1,0,0,1
171910,0,0,0,0,2
171925,0,0,0,0,2
171926,0,0,0,0,2
171930,0,0,0,0,2
171950,1,0,0,0,1
172000,0,0,0,0,1
172001,0,0,0,0,1
172002,0,0,0,0,2
172005,0,0,0,1,1
172006,0,0,0,1,1
172010,0,0,0,0,2
172025,0,0,1,0,1
172026,0,0,0,1,1
172030,0,1,0,0,1
172050,0,0,0,0,2
172125,0,0,0,0,2
172126,0,0,0,0,2
172130,0,0,0,0,2
172150,0,0,0,0,2
172250,1,0,0,0,1
172500,0,0,0,1,1
172501,0,0,0,1,1
172502,0,0,0,1,2
172505,0,0,0,1,1
172506,0,0,1,1,1
172510,0,0,0,1,2
172525,0,0,0,1,1
172526,0,0,0,2,1
172530,0,0,1,1,1
172550,0,0,0,1,2
172625,0,0,0,1,1
172626,0,0,0,1,1
172630,0,0,0,2,1
172650,0,1,0,0,1
172750,0,0,0,1,2
173125,0,0,0,0,2
173126,0,0,0,0,2
173130,0,0,0,0,2
173150,0,0,0,2,1
173250,0,0,1,1,1
173750,1,0,0,0,1
175000,0,1,0,0,0
175001,0,1,0,0,0
175002,0,1,0,0,1
175005,0,1,0,0,0
175006,0,1,1,0,0
175010,0,1,0,0,1
175025,0,1,0,0,0
175026,0,1,0,1,0
175030,0,1,1,0,0
175050,0,1,0,0,1
175125,0,1,0,0,0
175126,0,1,0,0,0
175130,0,1,0,1,0
175150,0,1,1,0,0
175250,0,1,0,0,1
175625,0,1,0,0,1
175626,0,1,0,0,1
175630,0,1,0,0,1
175650,0,1,0,0,1
175750,0,1,0,0,1
176250,0,1,0,0,1
178125,0,1,0,1,0
178126,0,1,0,1,0
178130,0,1,0,1,0
178150,0,1,0,1,0
178250,0,1,0,1,0
178750,0,1,0,0,1
181250,1,0,0,0,1
187500,0,0,0,0,2
187501,0,0,0,0,2
187502,0,0,0,0,3
187505,0,0,0,0,2
187506,0,0,1,0,2
187510,0,0,0,0,3
187525,0,0,0,0,2
187526,0,0,0,1,2
187530,0,0,1,0,2
187550,0,0,0,0,3
187625,0,0,0,0,2
187626,0,0,0,0,2
187630,0,0,0,1,2
187650,0,0,1,0,2
187750,0,0,0,0,3
188125,0,0,0,0,2
188126,0,0,0,0,2
188130,0,0,0,0,2
188150,0,0,0,1,2
188250,0,0,1,0,2
188750,0,0,0,0,3
190625,0,1,1,0,0
190626,0,1,1,0,0
190630,0,1,1,0,0
190650,0,1,1,0,0
190750,0,1,1,0,0
191250,0,1,0,0,1
193750,0,2,0,0,0
203125,1,0,0,0,1
203126,1,0,0,0,1
203130,1,0,0,0,1
203150,1,0,0,0,1
203250,1,0,0,0,1
203750,1,0,0,0,1
206250,1,0,0,0,1
218750,1,0,0,0,1
234375,1,0,0,0,0
234376,1,0,0,0,0
234377,1,0,0,0,1
234378,2,0,0,0,0
234380,1,0,0,0,0
234381,1,0,1,0,0
234382,1,0,0,0,1
234385,1,0,0,0,1
234386,1,0,0,0,1
234390,2,0,0,0,0
234400,1,0,0,0,0
234401,1,0,0,1,0
234402,1,0,0,0,1
234405,1,0,1,0,0
234406,1,1,0,0,0
234410,1,0,0,0,1
234425,1,0,0,0,1
234426,1,0,0,0,1
234430,1,0,0,0,1
234450,2,0,0,0,0
234500,1,0,0,0,0
234501,1,0,0,0,0
234502,1,0,0,0,1
234505,1,0,0,1,0
234506,1,0,0,1,0
234510,1,0,0,0,1
234525,1,0,1,0,0
234526,1,0,0,1,0
234530,1,1,0,0,0
234550,1,0,0,0,1
234625,1,0,0,0,1
234626,1,0,0,0,1
234630,1,0,0,0,1
234650,1,0,0,0,1
234750,2,0,0,0,0
235000,1,0,0,0,0
235001,1,0,0,0,0
235002,1,0,0,0,1
235005,1,0,0,0,0
235006,1,0,1,0,0
235010,1,0,0,0,1
235025,1,0,0,1,0
235026,1,0,0,1,0
235030,1,0,0,1,0
235050,1,0,0,0,1
235125,1,0,1,0,0
235126,1,0,1,0,0
235130,1,0,0,1,0
235150,1,1,0,0,0
235250,1,0,0,0,1
235625,1,0,0,0,1
235626,1,0,0,0,1
235630,1,0,0,0,1
235650,1,0,0,0,1
235750,1,0,0,0,1
236250,2,0,0,0,0
237500,1,0,0,0,0
237501,1,0,0,0,0
237502,1,0,0,0,1
237505,1,0,0,0,0
237506,1,0,1,0,0
237510,1,0,0,0,1
237525,1,0,0,0,0
237526,1,0,0,1,0
237530,1,0,1,0,0
237550,1,0,0,0,1
237625,1,0,0,1,0
237626,1,0,0,1,0
237630,1,0,0,1,0
237650,1,0,0,1,0
237750,1,0,0,0,1
238125,1,0,1,0,0
238126,1,0,1,0,0
238130,1,0,1,0,0
238150,1,0,0,1,0
238250,1,1,0,0,0
238750,1,0,0,0,1
240625,1,0,0,0,1
240626,1,0,0,0,1
240630,1,0,0,0,1
240650,1,0,0,0,1
240750,1,0,0,0,1
241250,1,0,0,0,1
243750,2,0,0,0,0
250000,1,0,0,0,0
250001,1,0,0,0,0
250002,1,0,0,0,1
250005,1,0,0,0,0
250006,1,0,1,0,0
250010,1,0,0,0,1
250025,1,0,0,0,0
250026,1,0,0,1,0
250030,1,0,1,0,0
250050,1,0,0,0,1
250125,1,0,0,0,0
250126,1,0,0,0,0
250130,1,0,0,1,0
250150,1,0,1,0,0
250250,1,0,0,0,1
250625,1,0,0,1,0
250626,1,0,0,1,0
250630,1,0,0,1,0
250650,1,0,0,1,0
250750,1,0,0,1,0
251250,1,0,0,0,1
253125,1,0,1,0,0
253126,1,0,1,0,0
253130,1,0,1,0,0
253150,1,0,1,0,0
253250,1,0,0,1,0
253750,1,1,0,0,0
256250,1,0,0,0,1
265625,1,0,0,0,1
265626,1,0,0,0,1
265630,1,0,0,0,1
265650,1,0,0,0,1
265750,1,0,0,0,1
266250,1,0,0,0,1
268750,1,0,0,0,1
281250,2,0,0,0,0
312500,1,0,0,0,0
312501,1,0,0,0,0
312502,1,0,0,0,1
312505,1,0,0,0,0
312506,1,0,1,0,0
312510,1,0,0,0,1
312525,1,0,0,0,0
312526,1,0,0,1,0
312530,1,0,1,0,0
312550,1,0,0,0,1
312625,1,0,0,0,0
312626,1,0,0,0,0
312630,1,0,0,1,0
312650,1,0,1,0,0
312750,1,0,0,0,1
313125,1,0,0,0,0
313126,1,0,0,0,0
313130,1,0,0,0,0
313150,1,0,0,1,0
313250,1,0,1,0,0
313750,1,0,0,0,1
315625,1,0,0,1,0
315626,1,0,0,1,0
315630,1,0,0,1,0
315650,1,0,0,1,0
315750,1,0,0,1,0
316250,1,0,0,1,0
318750,1,0,0,0,1
328125,1,0,1,0,0
328126,1,0,1,0,0
328130,1,0,1,0,0
328150,1,0,1,0,0
328250,1,0,1,0,0
328750,1,0,0,1,0
331250,1,1,0,0,0
343750,1,0,0,0,1
390625,0,0,0,0,0
390626,0,0,0,0,0
390627,0,0,0,0,1
390628,1,0,0,0,0
390629,1,0,0,0,0
390630,0,0,0,0,0
390631,0,0,1,0,0
390632,0,0,0,0,1
390633,1,0,0,0,0
390634,1,0,1,0,0
390635,0,0,0,0,1
390636,0,0,0,0,1
390637,0,0,0,0,2
390638,1,0,0,0,1
390640,1,0,0,0,0
390641,1,0,0,0,0
390642,1,0,0,0,1
390645,1,0,0,0,0
390646,1,0,1,0,0
390650,0,0,0,0,0
390651,0,0,0,1,0
390652,0,0,0,0,1
390653,1,0,0,0,0
390654,1,0,0,1,0
390655,0,0,1,0,0
390656,0,1,0,0,0
390657,0,1,0,0,0
390658,1,0,1,0,0
390660,0,0,0,0,1
390661,0,1,0,0,0
390662,0,1,1,0,0
390665,1,0,0,0,0
390666,1,0,0,1,0
390670,1,0,1,0,0
390675,0,0,0,0,1
390676,0,0,0,0,1
390677,0,0,0,0,2
390678,1,0,0,0,1
390680,0,0,0,0,1
390681,0,1,0,0,0
390682,0,1,0,1,0
390685,0,0,0,0,2
390686,0,1,1,0,0
390690,1,0,0,0,1
390700,1,0,0,0,0
390701,1,0,0,0,0
390702,1,0,0,0,1
390705,1,0,0,0,0
390706,1,0,1,0,0
390710,1,0,0,0,1
390725,1,0,0,0,0
390726,1,0,0,1,0
390730,1,0,1,0,0
390750,0,0,0,0,0
390751,0,0,0,0,0
390752,0,0,0,0,1
390753,1,0,0,0,0
390754,1,0,0,0,0
390755,0,0,0,1,0
390756,0,0,0,1,0
390757,0,0,0,1,1
390758,1,0,0,1,0
390760,0,0,0,0,1
390761,0,0,1,1,0
390762,0,0,0,0,2
390765,1,0,0,0,0
390766,1,0,0,0,0
390770,1,0,0,1,0
390775,0,0,1,0,0
390776,0,0,0,1,0
390777,0,0,1,0,1
390778,1,0,1,0,0
390780,0,1,0,0,0
390781,0,1,0,0,0
390782,0,1,0,0,0
390785,0,1,0,0,0
390786,0,1,0,1,0
390790,1,0,1,0,0
390800,0,0,0,0,1
390801,0,0,1,1,0
390802,0,0,0,0,2
390805,0,1,0,0,0
390806,0,1,1,0,0
390810,0,1,1,0,0
390825,1,0,0,0,0
390826,1,0,0,0,0
390830,1,0,0,1,0
390850,1,0,1,0,0
390875,0,0,0,0,1
390876,0,0,0,0,1
390877,0,0,0,0,2
390878,1,0,0,0,1
390880,0,0,0,0,1
390881,0,0,1,0,1
390882,0,0,0,0,2
390885,0,0,0,0,2
390886,0,0,0,0,2
390890,1,0,0,0,1
390900,0,0,0,0,1
390901,0,0,0,1,1
390902,0,0,0,0,2
390905,0,1,0,0,0
390906,0,1,0,0,1
390910,0,1,0,1,0
390925,0,0,0,0,2
390926,0,0,0,0,2
390930,0,1,1,0,0
390950,1,0,0,0,1
391000,1,0,0,0,0
391001,1,0,0,0,0
391002,1,0,0,0,1
391005,1,0,0,0,0
391006,1,0,1,0,0
391010,1,0,0,0,1
391025,1,0,0,0,0
391026,1,0,0,1,0
391030,1,0,1,0,0
391050,1,0,0,0,1
391125,1,0,0,0,0
391126,1,0,0,0,0
391130,1,0,0,1,0
391150,1,0,1,0,0
391250,0,0,0,0,0
391251,0,0,0,0,0
391252,0,0,0,0,1
391253,1,0,0,0,0
391254,1,0,0,0,0
391255,0,0,0,0,0
391256,0,0,1,0,0
391257,0,0,0,0,1
391258,1,0,0,0,0
391260,0,0,0,0,1
391261,0,0,0,0,1
391262,0,0,0,0,2
391265,1,0,0,0,0
391266,1,0,0,0,0
391270,1,0,0,0,0
391275,0,0,0,1,0
391276,0,0,0,1,0
391277,0,0,0,1,1
391278,1,0,0,1,0
391280,0,0,0,1,0
391281,0,1,0,0,0
391282,0,1,0,0,0
391285,0,0,0,1,1
391286,0,1,0,0,0
391290,1,0,0,1,0
391300,0,0,0,0,1
391301,0,0,0,2,0
391302,0,0,0,0,2
391305,0,0,1,1,0
391306,0,1,0,1,0
391310,0,0,0,0,2
391325,1,0,0,0,0
391326,1,0,0,0,0
391330,1,0,0,0,0
391350,1,0,0,1,0
391375,0,0,1,0,0
391376,0,0,1,0,0
391377,0,0,1,0,1
391378,1,0,1,0,0
391380,0,0,0,1,0
391381,0,0,2,0,0
391382,0,0,0,1,1
391385,0,0,1,0,1
391386,0,0,1,0,1
391390,1,0,1,0,0
391400,0,1,0,0,0
391401,0,1,0,0,0
391402,0,1,0,0,1
391405,0,1,0,0,0
391406,0,1,1,0,0
391410,0,1,0,0,0
391425,0,1,0,0,0
391426,0,1,0,1,0
391430,0,1,0,1,0
391450,1,0,1,0,0
391500,0,0,0,0,1
391501,0,0,0,0,1
391502,0,0,0,0,2
391505,0,0,1,1,0
391506,0,0,1,0,1
391510,0,0,0,0,2
391525,0,1,0,0,0
391526,0,1,0,0,0
391530,0,1,1,0,0
391550,0,1,1,0,0
391625,1,0,0,0,0
391626,1,0,0,0,0
391630,1,0,0,0,0
391650,1,0,0,1,0
391750,1,0,1,0,0
391875,0,0,0,0,1
391876,0,0,0,0,1
391877,0,0,0,0,2
391878,1,0,0,0,1
391880,0,0,0,0,1
391881,0,0,1,0,1
391882,0,0,0,0,2
391885,0,0,0,0,2
391886,0,0,0,0,2
391890,1,0,0,0,1
391900,0,0,0,0,1
391901,0,0,0,1,1
391902,0,0,0,0,2
391905,0,0,1,0,1
391906,0,1,0,0,1
391910,0,0,0,0,2
391925,0,0,0,0,2
391926,0,0,0,0,2
391930,0,0,0,0,2
391950,1,0,0,0,1
392000,0,0,0,0,1
392001,0,0,0,0,1
392002,0,0,0,0,2
392005,0,0,0,1,1
392006,0,0,0,1,1
392010,0,0,0,0,2
392025,0,1,0,0,0
392026,0,1,0,0,0
392030,0,1,0,0,1
392050,0,1,0,1,0
392125,0,0,0,0,2
392126,0,0,0,0,2
392130,0,0,0,0,2
392150,0,1,1,0,0
392250,1,0,0,0,1
392500,1,0,0,0,0
392501,1,0,0,0,0
392502,1,0,0,0,1
392505,1,0,0,0,0
392506,1,0,1,0,0
392510,1,0,0,0,1
392525,1,0,0,0,0
392526,1,0,0,1,0
392530,1,0,1,0,0
392550,1,0,0,0,1
392625,1,0,0,0,0
392626,1,0,0,0,0
392630,1,0,0,1,0
392650,1,0,1,0,0
392750,1,0,0,0,1
393125,1,0,0,0,0
393126,1,0,0,0,0
393130,1,0,0,0,0
393150,1,0,0,1,0
393250,1,0,1,0,0
393750,0,0,0,0,0
393751,0,0,0,0,0
393752,0,0,0,0,1
393753,1,0,0,0,0
393754,1,0,0,0,0
393755,0,0,0,0,0
393756,0,0,1,0,0
393757,0,0,0,0,1
393758,1,0,0,0,0
393760,0,0,0,0,1
393761,0,0,0,0,1
393762,0,0,0,0,2
393765,1,0,0,0,0
393766,1,0,0,0,0
393770,1,0,0,0,0
393775,0,0,0,0,0
393776,0,0,0,1,0
393777,0,0,0,0,1
393778,1,0,0,0,0
393780,0,0,1,0,0
393781,0,1,0,0,0
393782,0,1,0,0,0
393785,0,0,0,0,1
393786,0,1,0,0,0
393790,1,0,0,0,0
393800,0,0,0,0,1
393801,0,0,0,0,1
393802,0,0,0,0,2
393805,0,0,0,0,1
393806,0,1,0,0,0
393810,0,0,0,0,2
393825,1,0,0,0,0
393826,1,0,0,0,0
393830,1,0,0,0,0
393850,1,0,0,0,0
393875,0,0,0,1,0
393876,0,0,0,1,0
393877,0,0,0,1,1
393878,1,0,0,1,0
393880,0,0,0,1,0
393881,0,0,1,1,0
393882,0,0,0,1,1
393885,0,0,0,1,1
393886,0,0,0,1,1
393890,1,0,0,1,0
393900,0,0,0,1,0
393901,0,0,0,2,0
393902,0,0,0,1,1
393905,0,1,0,0,0
393906,0,1,0,1,0
393910,0,1,0,0,0
393925,0,0,0,1,1
393926,0,0,0,1,1
393930,0,1,0,0,0
393950,1,0,0,1,0
394000,0,0,0,0,1
394001,0,0,0,0,1
394002,0,0,0,0,2
394005,0,0,0,2,0
394006,0,0,1,0,1
394010,0,0,0,0,2
394025,0,0,1,1,0
394026,0,0,0,1,1
394030,0,1,0,1,0
394050,0,0,0,0,2
394125,1,0,0,0,0
394126,1,0,0,0,0
394130,1,0,0,0,0
394150,1,0,0,0,0
394250,1,0,0,1,0
394375,0,0,1,0,0
394376,0,0,1,0,0
394377,0,0,1,0,1
394378,1,0,1,0,0
394380,0,0,1,0,0
394381,0,0,2,0,0
394382,0,0,1,0,1
394385,0,0,1,0,1
394386,0,0,1,0,1
394390,1,0,1,0,0
394400,0,0,0,1,0
394401,0,0,1,1,0
394402,0,0,0,1,1
394405,0,0,2,0,0
394406,0,1,1,0,0
394410,0,0,0,1,1
394425,0,0,1,0,1
394426,0,0,1,0,1
394430,0,0,1,0,1
394450,1,0,1,0,0
394500,0,1,0,0,0
394501,0,1,0,0,0
394502,0,1,0,0,1
394505,0,1,0,0,0
394506,0,1,1,0,0
394510,0,1,0,0,1
394525,0,1,0,0,0
394526,0,1,0,0,0
394530,0,1,1,0,0
394550,0,1,0,0,0
394625,0,1,0,0,0
394626,0,1,0,0,0
394630,0,1,0,1,0
394650,0,1,0,1,0
394750,1,0,1,0,0
395000,0,0,0,0,1
395001,0,0,0,0,1
395002,0,0,0,0,2
395005,0,0,0,0,1
395006,0,0,1,0,1
395010,0,0,0,0,2
395025,0,0,1,1,0
395026,0,0,0,1,1
395030,0,0,1,0,1
395050,0,0,0,0,2
395125,0,1,0,0,0
395126,0,1,0,0,0
395130,0,1,0,0,0
395150,0,1,1,0,0
395250,0,1,1,0,0
395625,1,0,0,0,0
395626,1,0,0,0,0
395630,1,0,0,0,0
395650,1,0,0,0,0
395750,1,0,0,1,0
396250,1,0,1,0,0
396875,0,0,0,0,1
396876,0,0,0,0,1
396877,0,0,0,0,2
396878,1,0,0,0,1
396880,0,0,0,0,1
396881,0,0,1,0,1
396882,0,0,0,0,2
396885,0,0,0,0,2
396886,0,0,0,0,2
396890,1,0,0,0,1
396900,0,0,0,0,1
396901,0,0,0,1,1
396902,0,0,0,0,2
396905,0,0,1,0,1
396906,0,1,0,0,1
396910,0,0,0,0,2
396925,0,0,0,0,2
396926,0,0,0,0,2
396930,0,0,0,0,2
396950,1,0,0,0,1
397000,0,0,0,0,1
397001,0,0,0,0,1
397002,0,0,0,0,2
397005,0,0,0,1,1
397006,0,0,0,1,1
397010,0,0,0,0,2
397025,0,0,1,0,1
397026,0,0,0,1,1
397030,0,1,0,0,1
397050,0,0,0,0,2
397125,0,0,0,0,2
397126,0,0,0,0,2
397130,0,0,0,0,2
397150,0,0,0,0,2
397250,1,0,0,0,1
397500,0,0,0,0,1
397501,0,0,0,0,1
397502,0,0,0,0,2
397505,0,0,0,0,1
397506,0,0,1,0,1
397510,0,0,0,0,2
397525,0,0,0,1,1
397526,0,0,0,1,1
397530,0,0,0,1,1
397550,0,0,0,0,2
397625,0,1,0,0,0
397626,0,1,0,0,0
397630,0,1,0,0,0
397650,0,1,0,0,1
397750,0,1,0,1,0
398125,0,0,0,0,2
398126,0,0,0,0,2
398130,0,0,0,0,2
398150,0,0,0,0,2
398250,0,1,1,0,0
398750,1,0,0,0,1
400000,1,0,0,0,0
400001,1,0,0,0,0
400002,1,0,0,0,1
400005,1,0,0,0,0
400006,1,0,1,0,0
400010,1,0,0,0,1
400025,1,0,0,0,0
400026,1,0,0,1,0
400030,1,0,1,0,0
400050,1,0,0,0,1
400125,1,0,0,0,0
400126,1,0,0,0,0
400130,1,0,0,1,0
400150,1,0,1,0,0
400250,1,0,0,0,1
400625,1,0,0,0,0
400626,1,0,0,0,0
400630,1,0,0,0,0
400650,1,0,0,1,0
400750,1,0,1,0,0
401250,1,0,0,0,1
403125,1,0,0,0,0
403126,1,0,0,0,0
403130,1,0,0,0,0
403150,1,0,0,0,0
403250,1,0,0,1,0
403750,1,0,1,0,0
406250,0,0,0,1,0
406251,0,0,0,1,0
406252,0,0,0,1,1
406253,1,0,0,1,0
406254,1,0,0,1,0
406255,0,0,0,1,0
406256,0,0,1,1,0
406257,0,0,0,1,1
406258,1,0,0,1,0
406260,0,0,0,1,1
406261,0,0,0,1,1
406262,0,0,0,1,2
406265,1,0,0,1,0
406266,1,0,0,1,0
406270,1,0,0,1,0
406275,0,0,0,1,0
406276,0,0,0,2,0
406277,0,0,0,1,1
406278,1,0,0,1,0
406280,0,0,1,1,0
406281,0,1,0,1,0
406282,0,1,0,1,0
406285,0,0,0,1,1
406286,0,1,0,1,0
406290,1,0,0,1,0
406300,0,0,0,1,1
406301,0,0,0,1,1
406302,0,0,0,1,2
406305,0,0,0,1,1
406306,0,1,0,1,0
406310,0,0,0,1,2
406325,1,0,0,1,0
406326,1,0,0,1,0
406330,1,0,0,1,0
406350,1,0,0,1,0
406375,0,0,0,1,0
406376,0,0,0,1,0
406377,0,0,0,1,1
406378,1,0,0,1,0
406380,0,0,0,2,0
406381,0,0,0,2,0
406382,0,0,0,2,1
406385,0,0,0,1,1
406386,0,0,1,2,0
406390,1,0,0,1,0
406400,0,0,1,1,0
406401,0,0,0,2,0
406402,0,0,1,1,1
406405,0,1,0,1,0
406406,0,1,0,1,0
406410,0,1,0,1,0
406425,0,0,0,1,1
406426,0,0,1,2,0
406430,0,1,0,1,0
406450,1,0,0,1,0
406500,0,0,0,1,1
406501,0,0,0,1,1
406502,0,0,0,1,2
406505,0,0,0,1,1
406506,0,0,1,1,1
406510,0,0,0,1,2
406525,0,0,0,1,1
406526,0,0,0,2,1
406530,0,1,0,1,0
406550,0,0,0,1,2
406625,1,0,0,1,0
406626,1,0,0,1,0
406630,1,0,0,1,0
406650,1,0,0,1,0
406750,1,0,0,1,0
406875,0,0,0,1,0
406876,0,0,0,1,0
406877,0,0,0,1,1
406878,1,0,0,1,0
406880,0,0,0,1,0
406881,0,0,1,1,0
406882,0,0,0,1,1
406885,0,0,0,1,1
406886,0,0,0,1,1
406890,1,0,0,1,0
406900,0,0,0,2,0
406901,0,0,0,2,0
406902,0,0,0,2,1
406905,0,0,0,2,0
406906,0,1,0,1,0
406910,0,0,0,2,1
406925,0,0,0,1,1
406926,0,0,0,3,0
406930,0,0,1,2,0
406950,1,0,0,1,0
407000,0,0,1,1,0
407001,0,0,1,1,0
407002,0,0,1,1,1
407005,0,0,0,2,0
407006,0,0,2,1,0
407010,0,0,1,1,1
407025,0,1,0,1,0
407026,0,1,0,1,0
407030,0,1,0,1,0
407050,0,1,0,1,0
407125,0,0,0,1,1
407126,0,0,0,1,1
407130,0,0,1,2,0
407150,0,1,0,1,0
407250,1,0,0,1,0
407500,0,0,0,1,1
407501,0,0,0,1,1
407502,0,0,0,1,2
407505,0,0,0,1,1
407506,0,0,1,1,1
407510,0,0,0,1,2
407525,0,0,0,1,1
407526,0,0,0,2,1
407530,0,0,1,1,1
407550,0,0,0,1,2
407625,0,0,0,1,1
407626,0,0,0,1,1
407630,0,0,0,2,1
407650,0,1,0,1,0
407750,0,0,0,1,2
408125,1,0,0,1,0
408126,1,0,0,1,0
408130,1,0,0,1,0
408150,1,0,0,1,0
408250,1,0,0,1,0
408750,1,0,0,1,0
409375,0,0,0,1,0
409376,0,0,0,1,0
409377,0,0,0,1,1
409378,1,0,0,1,0
409380,0,0,0,1,0
409381,0,0,1,1,0
409382,0,0,0,1,1
409385,0,0,0,1,1
409386,0,0,0,1,1
409390,1,0,0,1,0
409400,0,0,0,1,0
409401,0,0,0,2,0
409402,0,0,0,1,1
409405,0,0,1,1,0
409406,0,1,0,1,0
409410,0,0,0,1,1
409425,0,0,0,1,1
409426,0,0,0,1,1
409430,0,0,0,1,1
409450,1,0,0,1,0
409500,0,0,0,2,0
409501,0,0,0,2,0
409502,0,0,0,2,1
409505,0,0,0,2,0
409506,0,0,1,2,0
409510,0,0,0,2,1
409525,0,0,0,2,0
409526,0,0,0,3,0
409530,0,1,0,1,0
409550,0,0,0,2,1
409625,0,0,0,1,1
409626,0,0,0,1,1
409630,0,0,0,3,0
409650,0,0,1,2,0
409750,1,0,0,1,0
410000,0,1,0,0,0
410001,0,1,0,0,0
410002,0,1,0,0,1
410005,0,1,0,0,0
410006,0,1,1,0,0
410010,0,1,0,0,1
410025,0,1,0,0,0
410026,0,1,0,1,0
410030,0,1,1,0,0
410050,0,1,0,0,1
410125,0,1,0,1,0
410126,0,1,0,1,0
410130,0,1,0,1,0
410150,0,1,0,1,0
410250,0,1,0,1,0
410625,0,1,0,0,0
410626,0,1,0,0,0
410630,0,1,0,0,0
410650,0,1,0,1,0
410750,0,1,0,1,0
411250,1,0,0,1,0
412500,0,0,0,1,1
412501,0,0,0,1,1
412502,0,0,0,1,2
412505,0,0,0,1,1
412506,0,0,1,1,1
412510,0,0,0,1,2
412525,0,0,0,1,1
412526,0,0,0,2,1
412530,0,0,1,1,1
412550,0,0,0,1,2
412625,0,0,0,1,1
412626,0,0,0,1,1
412630,0,0,0,2,1
412650,0,0,1,1,1
412750,0,0,0,1,2
413125,0,1,0,0,0
413126,0,1,0,0,0
413130,0,1,0,0,0
413150,0,1,0,0,0
413250,0,1,0,1,0
413750,0,1,1,0,0
415625,1,0,0,1,0
415626,1,0,0,1,0
415630,1,0,0,1,0
415650,1,0,0,1,0
415750,1,0,0,1,0
416250,1,0,0,1,0
418750,1,0,0,1,0
421875,0,0,0,0,1
421876,0,0,0,0,1
421877,0,0,0,0,2
421878,1,0,0,0,1
421880,0,0,0,0,1
421881,0,0,1,0,1
421882,0,0,0,0,2
421885,0,0,0,0,2
421886,0,0,0,0,2
421890,1,0,0,0,1
421900,0,0,0,0,1
421901,0,0,0,1,1
421902,0,0,0,0,2
421905,0,0,1,0,1
421906,0,1,0,0,1
421910,0,0,0,0,2
421925,0,0,0,0,2
421926,0,0,0,0,2
421930,0,0,0,0,2
421950,1,0,0,0,1
422000,0,0,0,0,1
422001,0,0,0,0,1
422002,0,0,0,0,2
422005,0,0,0,1,1
422006,0,0,0,1,1
422010,0,0,0,0,2
422025,0,0,1,0,1
422026,0,0,0,1,1
422030,0,1,0,0,1
422050,0,0,0,0,2
422125,0,0,0,0,2
422126,0,0,0,0,2
422130,0,0,0,0,2
422150,0,0,0,0,2
422250,1,0,0,0,1
422500,0,0,0,2,0
422501,0,0,0,2,0
422502,0,0,0,2,1
422505,0,0,0,2,0
422506,0,0,1,2,0
422510,0,0,0,2,1
422525,0,0,0,1,1
422526,0,0,0,3,0
422530,0,0,1,2,0
422550,0,0,0,2,1
422625,0,0,1,0,1
422626,0,0,1,0,1
422630,0,0,0,3,0
422650,0,1,0,0,1
422750,0,0,0,2,1
423125,0,0,0,0,2
423126,0,0,0,0,2
423130,0,0,0,0,2
423150,0,0,0,3,0
423250,0,0,1,2,0
423750,1,0,0,0,1
425000,0,0,1,1,0
425001,0,0,1,1,0
425002,0,0,1,1,1
425005,0,0,1,1,0
425006,0,0,2,1,0
425010,0,0,1,1,1
425025,0,0,1,1,0
425026,0,0,1,2,0
425030,0,0,2,1,0
425050,0,0,1,1,1
425125,0,0,0,1,1
425126,0,0,0,1,1
425130,0,0,1,2,0
425150,0,0,2,1,0
425250,0,0,1,1,1
425625,0,1,0,1,0
425626,0,1,0,1,0
425630,0,1,0,1,0
425650,0,1,0,1,0
425750,0,1,0,0,1
426250,0,1,0,1,0
428125,0,0,0,0,2
428126,0,0,0,0,2
428130,0,0,0,0,2
428150,0,0,0,0,2
428250,0,0,1,2,0
428750,0,1,0,1,0
431250,1,0,0,0,1
437500,1,0,0,0,0
437501,1,0,0,0,0
437502,1,0,0,0,1
437505,1,0,0,0,0
437506,1,0,1,0,0
437510,1,0,0,0,1
437525,1,0,0,0,0
437526,1,0,0,1,0
437530,1,0,1,0,0
437550,1,0,0,0,1
437625,1,0,0,0,0
437626,1,0,0,0,0
437630,1,0,0,1,0
437650,1,0,1,0,0
437750,1,0,0,0,1
438125,1,0,0,0,0
438126,1,0,0,0,0
438130,1,0,0,0,0
438150,1,0,0,1,0
438250,1,0,1,0,0
438750,1,0,0,0,1
440625,1,0,0,0,0
440626,1,0,0,0,0
440630,1,0,0,0,0
440650,1,0,0,0,0
440750,1,0,0,1,0
441250,1,0,1,0,0
443750,1,0,0,0,1
453125,1,0,0,1,0
453126,1,0,0,1,0
453130,1,0,0,1,0
453150,1,0,0,1,0
453250,1,0,0,1,0
453750,1,0,0,1,0
456250,1,0,0,1,0
468750,0,0,1,0,0
468751,0,0,1,0,0
468752,0,0,1,0,1
468753,1,0,1,0,0
468754,1,0,1,0,0
468755,0,0,1,0,0
468756,0,0,2,0,0
468757,0,0,1,0,1
468758,1,0,1,0,0
468760,0,0,1,0,1
468761,0,0,1,0,1
468762,0,0,1,0,2
468765,1,0,1,0,0
468766,1,0,1,0,0
468770,1,0,1,0,0
468775,0,0,1,0,0
468776,0,0,1,1,0
468777,0,0,1,0,1
468778,1,0,1,0,0
468780,0,0,2,0,0
468781,0,1,1,0,0
468782,0,1,1,0,0
468785,0,0,1,0,1
468786,0,1,1,0,0
468790,1,0,1,0,0
468800,0,0,1,0,1
468801,0,0,1,0,1
468802,0,0,1,0,2
468805,0,0,1,0,1
468806,0,1,1,0,0
468810,0,0,1,0,2
468825,1,0,1,0,0
468826,1,0,1,0,0
468830,1,0,1,0,0
468850,1,0,1,0,0
468875,0,0,1,0,0
468876,0,0,1,0,0
468877,0,0,1,0,1
468878,1,0,1,0,0
468880,0,0,1,1,0
468881,0,0,1,1,0
468882,0,0,1,1,1
468885,0,0,1,0,1
468886,0,0,2,1,0
468890,1,0,1,0,0
468900,0,0,2,0,0
468901,0,0,1,1,0
468902,0,0,2,0,1
468905,0,1,1,0,0
468906,0,1,1,0,0
468910,0,1,1,0,0
468925,0,0,1,0,1
468926,0,0,2,1,0
468930,0,1,1,0,0
468950,1,0,1,0,0
469000,0,0,1,0,1
469001,0,0,1,0,1
469002,0,0,1,0,2
469005,0,0,1,0,1
469006,0,0,2,0,1
469010,0,0,1,0,2
469025,0,0,1,0,1
469026,0,0,1,1,1
469030,0,1,1,0,0
469050,0,0,1,0,2
469125,1,0,1,0,0
469126,1,0,1,0,0
469130,1,0,1,0,0
469150,1,0,1,0,0
469250,1,0,1,0,0
469375,0,0,1,0,0
469376,0,0,1,0,0
469377,0,0,1,0,1
469378,1,0,1,0,0
469380,0,0,1,0,0
469381,0,0,2,0,0
469382,0,0,1,0,1
469385,0,0,1,0,1
469386,0,0,1,0,1
469390,1,0,1,0,0
469400,0,0,1,1,0
469401,0,0,1,1,0
469402,0,0,1,1,1
469405,0,0,1,1,0
469406,0,1,1,0,0
469410,0,0,1,1,1
469425,0,0,1,0,1
469426,0,0,1,2,0
469430,0,0,2,1,0
469450,1,0,1,0,0
469500,0,0,2,0,0
469501,0,0,2,0,0
469502,0,0,2,0,1
469505,0,0,1,1,0
469506,0,0,3,0,0
469510,0,0,2,0,1
469525,0,1,1,0,0
469526,0,1,1,0,0
469530,0,1,1,0,0
469550,0,1,1,0,0
469625,0,0,1,0,1
469626,0,0,1,0,1
469630,0,0,2,1,0
469650,0,1,1,0,0
469750,1,0,1,0,0
470000,0,0,1,0,1
470001,0,0,1,0,1
470002,0,0,1,0,2
470005,0,0,1,0,1
470006,0,0,2,0,1
470010,0,0,1,0,2
470025,0,0,1,0,1
470026,0,0,1,1,1
470030,0,0,2,0,1
470050,0,0,1,0,2
470125,0,0,1,0,1
470126,0,0,1,0,1
470130,0,0,1,1,1
470150,0,1,1,0,0
470250,0,0,1,0,2
470625,1,0,1,0,0
470626,1,0,1,0,0
470630,1,0,1,0,0
470650,1,0,1,0,0
470750,1,0,1,0,0
471250,1,0,1,0,0
471875,0,0,0,1,0
471876,0,0,0,1,0
471877,0,0,0,1,1
471878,1,0,0,1,0
471880,0,0,0,1,0
471881,0,0,1,1,0
471882,0,0,0,1,1
471885,0,0,0,1,1
471886,0,0,0,1,1
471890,1,0,0,1,0
471900,0,0,0,1,0
471901,0,0,0,2,0
471902,0,0,0,1,1
471905,0,0,1,1,0
471906,0,1,0,1,0
471910,0,0,0,1,1
471925,0,0,0,1,1
471926,0,0,0,1,1
471930,0,0,0,1,1
471950,1,0,0,1,0
472000,0,0,1,1,0
472001,0,0,1,1,0
472002,0,0,1,1,1
472005,0,0,0,2,0
472006,0,0,2,1,0
472010,0,0,1,1,1
472025,0,0,1,1,0
472026,0,0,1,2,0
472030,0,1,0,1,0
472050,0,0,1,1,1
472125,0,0,0,1,1
472126,0,0,0,1,1
472130,0,0,1,2,0
472150,0,0,2,1,0
472250,1,0,0,1,0
472500,0,0,2,0,0
472501,0,0,2,0,0
472502,0,0,2,0,1
472505,0,0,2,0,0
472506,0,0,3,0,0
472510,0,0,2,0,1
472525,0,0,0,2,0
472526,0,0,2,1,0
472530,0,0,3,0,0
472550,0,0,2,0,1
472625,0,1,1,0,0
472626,0,1,1,0,0
472630,0,1,1,0,0
472650,0,1,0,1,0
472750,0,1,1,0,0
473125,0,0,0,1,1
473126,0,0,0,1,1
473130,0,0,0,1,1
473150,0,0,2,1,0
473250,0,1,1,0,0
473750,1,0,0,1,0
475000,0,0,1,0,1
475001,0,0,1,0,1
475002,0,0,1,0,2
475005,0,0,1,0,1
475006,0,0,2,0,1
475010,0,0,1,0,2
475025,0,0,1,0,1
475026,0,0,1,1,1
475030,0,0,2,0,1
475050,0,0,1,0,2
475125,0,0,1,0,1
475126,0,0,1,0,1
475130,0,0,1,1,1
475150,0,0,2,0,1
475250,0,0,1,0,2
475625,0,0,1,0,1
475626,0,0,1,0,1
475630,0,0,1,0,1
475650,0,0,1,1,1
475750,0,1,0,1,0
476250,0,0,1,0,2
478125,1,0,1,0,0
478126,1,0,1,0,0
478130,1,0,1,0,0
478150,1,0,1,0,0
478250,1,0,1,0,0
478750,1,0,1,0,0
481250,1,0,0,1,0
484375,0,1,0,0,0
484376,0,1,0,0,0
484377,0,1,0,0,1
484378,1,1,0,0,0
484380,0,1,0,0,0
484381,0,1,1,0,0
484382,0,1,0,0,1
484385,0,1,0,0,1
484386,0,1,0,0,1
484390,1,1,0,0,0
484400,0,1,0,0,0
484401,0,1,0,1,0
484402,0,1,0,0,1
484405,0,1,1,0,0
484406,0,2,0,0,0
484410,0,1,0,0,1
484425,0,1,0,0,1
484426,0,1,0,0,1
484430,0,1,0,0,1
484450,1,1,0,0,0
484500,0,1,0,0,0
484501,0,1,0,0,0
484502,0,1,0,0,1
484505,0,1,0,1,0
484506,0,1,0,1,0
484510,0,1,0,0,1
484525,0,1,1,0,0
484526,0,1,0,1,0
484530,0,2,0,0,0
484550,0,1,0,0,1
484625,0,1,0,0,1
484626,0,1,0,0,1
484630,0,1,0,0,1
484650,0,1,0,0,1
484750,1,1,0,0,0
485000,0,1,0,0,0
485001,0,1,0,0,0
485002,0,1,0,0,1
485005,0,1,0,0,0
485006,0,1,1,0,0
485010,0,1,0,0,1
485025,0,1,0,1,0
485026,0,1,0,1,0
485030,0,1,0,1,0
485050,0,1,0,0,1
485125,0,1,1,0,0
485126,0,1,1,0,0
485130,0,1,0,1,0
485150,0,2,0,0,0
485250,0,1,0,0,1
485625,0,1,0,0,1
485626,0,1,0,0,1
485630,0,1,0,0,1
485650,0,1,0,0,1
485750,0,1,0,0,1
486250,1,1,0,0,0
487500,0,1,0,0,0
487501,0,1,0,0,0
487502,0,1,0,0,1
487505,0,1,0,0,0
487506,0,1,1,0,0
487510,0,1,0,0,1
487525,0,1,0,0,0
487526,0,1,0,1,0
487530,0,1,1,0,0
487550,0,1,0,0,1
487625,0,1,0,0,0
487626,0,1,0,0,0
487630,0,1,0,1,0
487650,0,1,1,0,0
487750,0,1,0,0,1
488125,0,1,1,0,0
488126,0,1,1,0,0
488130,0,1,1,0,0
488150,0,1,1,0,0
488250,0,2,0,0,0
488750,0,1,1,0,0
490625,0,1,0,0,0
490626,0,1,0,0,0
490630,0,1,0,0,0
490650,0,1,0,0,0
490750,0,1,0,1,0
491250,0,1,0,1,0
493750,1,1,0,0,0
500000,0,1,0,0,0
500001,0,1,0,0,0
500002,0,1,0,0,1
500005,0,1,0,0,0
500006,0,1,1,0,0
500010,0,1,0,0,1
500025,0,1,0,0,0
500026,0,1,0,1,0
500030,0,1,1,0,0
500050,0,1,0,0,1
500125,0,1,0,0,0
500126,0,1,0,0,0
500130,0,1,0,1,0
500150,0,1,1,0,0
500250,0,1,0,0,1
500625,0,1,0,1,0
500626,0,1,0,1,0
500630,0,1,0,1,0
500650,0,1,0,1,0
500750,0,1,0,1,0
501250,0,1,0,0,1
503125,0,1,0,1,0
503126,0,1,0,1,0
503130,0,1,0,1,0
503150,0,1,0,1,0
503250,0,1,0,1,0
503750,0,2,0,0,0
506250,0,1,0,1,0
515625,1,0,1,0,0
515626,1,0,1,0,0
515630,1,0,1,0,0
515650,1,0,1,0,0
515750,1,0,1,0,0
516250,1,0,1,0,0
518750,1,0,0,1,0
531250,1,1,0,0,0
546875,0,0,0,0,1
546876,0,0,0,0,1
546877,0,0,0,0,2
546878,1,0,0,0,1
546880,0,0,0,0,1
546881,0,0,1,0,1
546882,0,0,0,0,2
546885,0,0,0,0,2
546886,0,0,0,0,2
546890,1,0,0,0,1
546900,0,0,0,0,1
546901,0,0,0,1,1
546902,0,0,0,0,2
546905,0,0,1,0,1
546906,0,1,0,0,1
546910,0,0,0,0,2
546925,0,0,0,0,2
546926,0,0,0,0,2
546930,0,0,0,0,2
546950,1,0,0,0,1
547000,0,0,0,0,1
547001,0,0,0,0,1
547002,0,0,0,0,2
547005,0,0,0,1,1
547006,0,0,0,1,1
547010,0,0,0,0,2
547025,0,0,1,0,1
547026,0,0,0,1,1
547030,0,1,0,0,1
547050,0,0,0,0,2
547125,0,0,0,0,2
547126,0,0,0,0,2
547130,0,0,0,0,2
547150,0,0,0,0,2
547250,1,0,0,0,1
547500,0,0,0,0,1
547501,0,0,0,0,1
547502,0,0,0,0,2
547505,0,0,0,0,1
547506,0,0,1,0,1
547510,0,0,0,0,2
547525,0,0,0,1,1
547526,0,0,0,1,1
547530,0,0,0,1,1
547550,0,0,0,0,2
547625,0,0,1,0,1
547626,0,0,1,0,1
547630,0,0,0,1,1
547650,0,1,0,0,1
547750,0,0,0,0,2
548125,0,0,0,0,2
548126,0,0,0,0,2
548130,0,0,0,0,2
548150,0,0,0,0,2
548250,0,0,0,0,2
548750,1,0,0,0,1
550000,0,0,1,1,0
550001,0,0,1,1,0
550002,0,0,1,1,1
550005,0,0,1,1,0
550006,0,0,2,1,0
550010,0,0,1,1,1
550025,0,0,1,1,0
550026,0,0,1,2,0
550030,0,0,2,1,0
550050,0,0,1,1,1
550125,0,0,0,1,1
550126,0,0,0,1,1
550130,0,0,1,2,0
550150,0,0,2,1,0
550250,0,0,1,1,1
550625,0,0,1,0,1
550626,0,0,1,0,1
550630,0,0,1,0,1
550650,0,0,1,2,0
550750,0,1,0,0,1
551250,0,0,1,1,1
553125,0,0,0,0,2
553126,0,0,0,0,2
553130,0,0,0,0,2
553150,0,0,0,0,2
553250,0,0,1,2,0
553750,0,0,2,1,0
556250,1,0,0,0,1
562500,0,1,0,0,0
562501,0,1,0,0,0
562502,0,1,0,0,1
562505,0,1,0,0,0
562506,0,1,1,0,0
562510,0,1,0,0,1
562525,0,1,0,0,0
562526,0,1,0,1,0
562530,0,1,1,0,0
562550,0,1,0,0,1
562625,0,1,0,0,0
562626,0,1,0,0,0
562630,0,1,0,1,0
562650,0,1,1,0,0
562750,0,1,0,0,1
563125,0,1,0,0,0
563126,0,1,0,0,0
563130,0,1,0,0,0
563150,0,1,0,1,0
563250,0,1,1,0,0
563750,0,1,0,0,1
565625,0,1,1,0,0
565626,0,1,1,0,0
565630,0,1,1,0,0
565650,0,1,1,0,0
565750,0,1,1,0,0
566250,0,1,0,0,1
568750,0,1,0,1,0
578125,0,1,1,0,0
578126,0,1,1,0,0
578130,0,1,1,0,0
578150,0,1,1,0,0
578250,0,1,1,0,0
578750,0,1,0,1,0
581250,0,2,0,0,0
593750,1,0,0,0,1
625000,1,0,0,0,0
625001,1,0,0,0,0
625002,1,0,0,0,1
625005,1,0,0,0,0
625006,1,0,1,0,0
625010,1,0,0,0,1
625025,1,0,0,0,0
625026,1,0,0,1,0
625030,1,0,1,0,0
625050,1,0,0,0,1
625125,1,0,0,0,0
625126,1,0,0,0,0
625130,1,0,0,1,0
625150,1,0,1,0,0
625250,1,0,0,0,1
625625,1,0,0,0,0
625626,1,0,0,0,0
625630,1,0,0,0,0
625650,1,0,0,1,0
625750,1,0,1,0,0
626250,1,0,0,0,1
628125,1,0,0,0,0
628126,1,0,0,0,0
628130,1,0,0,0,0
628150,1,0,0,0,0
628250,1,0,0,1,0
628750,1,0,1,0,0
631250,1,0,0,0,1
640625,1,0,0,1,0
640626,1,0,0,1,0
640630,1,0,0,1,0
640650,1,0,0,1,0
640750,1,0,0,1,0
641250,1,0,0,1,0
643750,1,0,0,1,0
656250,1,0,0,0,1
703125,1,0,1,0,0
703126,1,0,1,0,0
703130,1,0,1,0,0
703150,1,0,1,0,0
703250,1,0,1,0,0
703750,1,0,1,0,0
706250,1,0,0,1,0
718750,1,1,0,0,0
781250,0,0,0,0,1
781251,0,0,0,0,1
781252,0,0,0,0,2
781253,1,0,0,0,1
781254,1,0,0,0,1
781255,0,0,0,0,1
781256,0,0,1,0,1
781257,0,0,0,0,2
781258,1,0,0,0,1
781260,0,0,0,0,2
781261,0,0,0,0,2
781262,0,0,0,0,3
781265,1,0,0,0,1
781266,1,0,0,0,1
781270,1,0,0,0,1
781275,0,0,0,0,1
781276,0,0,0,1,1
781277,0,0,0,0,2
781278,1,0,0,0,1
781280,0,0,1,0,1
781281,0,1,0,0,1
781282,0,1,0,0,1
781285,0,0,0,0,2
781286,0,1,0,0,1
781290,1,0,0,0,1
781300,0,0,0,0,2
781301,0,0,0,0,2
781302,0,0,0,0,3
781305,0,0,0,0,2
781306,0,1,0,0,1
781310,0,0,0,0,3
781325,1,0,0,0,1
781326,1,0,0,0,1
781330,1,0,0,0,1
781350,1,0,0,0,1
781375,0,0,0,0,1
781376,0,0,0,0,1
781377,0,0,0,0,2
781378,1,0,0,0,1
781380,0,0,0,1,1
781381,0,0,0,1,1
781382,0,0,0,1,2
781385,0,0,0,0,2
781386,0,0,1,1,1
781390,1,0,0,0,1
781400,0,0,1,0,1
781401,0,0,0,1,1
781402,0,0,1,0,2
781405,0,1,0,0,1
781406,0,1,0,0,1
781410,0,1,0,0,1
781425,0,0,0,0,2
781426,0,0,1,1,1
781430,0,1,0,0,1
781450,1,0,0,0,1
781500,0,0,0,0,2
781501,0,0,0,0,2
781502,0,0,0,0,3
781505,0,0,0,0,2
781506,0,0,1,0,2
781510,0,0,0,0,3
781525,0,0,0,0,2
781526,0,0,0,1,2
781530,0,1,0,0,1
781550,0,0,0,0,3
781625,1,0,0,0,1
781626,1,0,0,0,1
781630,1,0,0,0,1
781650,1,0,0,0,1
781750,1,0,0,0,1
781875,0,0,0,0,1
781876,0,0,0,0,1
781877,0,0,0,0,2
781878,1,0,0,0,1
781880,0,0,0,0,1
781881,0,0,1,0,1
781882,0,0,0,0,2
781885,0,0,0,0,2
781886,0,0,0,0,2
781890,1,0,0,0,1
781900,0,0,0,1,1
781901,0,0,0,1,1
781902,0,0,0,1,2
781905,0,0,0,1,1
781906,0,1,0,0,1
781910,0,0,0,1,2
781925,0,0,0,0,2
781926,0,0,0,2,1
781930,0,0,1,1,1
781950,1,0,0,0,1
782000,0,0,1,0,1
782001,0,0,1,0,1
782002,0,0,1,0,2
782005,0,0,0,1,1
782006,0,0,2,0,1
782010,0,0,1,0,2
782025,0,1,0,0,1
782026,0,1,0,0,1
782030,0,1,0,0,1
782050,0,1,0,0,1
782125,0,0,0,0,2
782126,0,0,0,0,2
782130,0,0,1,1,1
782150,0,1,0,0,1
782250,1,0,0,0,1
782500,0,0,0,0,2
782501,0,0,0,0,2
782502,0,0,0,0,3
782505,0,0,0,0,2
782506,0,0,1,0,2
782510,0,0,0,0,3
782525,0,0,0,0,2
782526,0,0,0,1,2
782530,0,0,1,0,2
782550,0,0,0,0,3
782625,0,0,0,0,2
782626,0,0,0,0,2
782630,0,0,0,1,2
782650,0,1,0,0,1
782750,0,0,0,0,3
783125,1,0,0,0,1
783126,1,0,0,0,1
783130,1,0,0,0,1
783150,1,0,0,0,1
783250,1,0,0,0,1
783750,1,0,0,0,1
784375,0,0,0,0,1
784376,0,0,0,0,1
784377,0,0,0,0,2
784378,1,0,0,0,1
784380,0,0,0,0,1
784381,0,0,1,0,1
784382,0,0,0,0,2
784385,0,0,0,0,2
784386,0,0,0,0,2
784390,1,0,0,0,1
784400,0,0,0,0,1
784401,0,0,0,1,1
784402,0,0,0,0,2
784405,0,0,1,0,1
784406,0,1,0,0,1
784410,0,0,0,0,2
784425,0,0,0,0,2
784426,0,0,0,0,2
784430,0,0,0,0,2
784450,1,0,0,0,1
784500,0,0,0,1,1
784501,0,0,0,1,1
784502,0,0,0,1,2
784505,0,0,0,1,1
784506,0,0,1,1,1
784510,0,0,0,1,2
784525,0,0,0,1,1
784526,0,0,0,2,1
784530,0,1,0,0,1
784550,0,0,0,1,2
784625,0,0,0,0,2
784626,0,0,0,0,2
784630,0,0,0,2,1
784650,0,0,1,1,1
784750,1,0,0,0,1
785000,0,0,1,0,1
785001,0,0,1,0,1
785002,0,0,1,0,2
785005,0,0,1,0,1
785006,0,0,2,0,1
785010,0,0,1,0,2
785025,0,0,0,1,1
785026,0,0,1,1,1
785030,0,0,2,0,1
785050,0,0,1,0,2
785125,0,1,0,0,1
785126,0,1,0,0,1
785130,0,1,0,0,1
785150,0,1,0,0,1
785250,0,1,0,0,1
785625,0,0,0,0,2
785626,0,0,0,0,2
785630,0,0,0,0,2
785650,0,0,1,1,1
785750,0,1,0,0,1
786250,1,0,0,0,1
787500,0,0,0,0,2
787501,0,0,0,0,2
787502,0,0,0,0,3
787505,0,0,0,0,2
787506,0,0,1,0,2
787510,0,0,0,0,3
787525,0,0,0,0,2
787526,0,0,0,1,2
787530,0,0,1,0,2
787550,0,0,0,0,3
787625,0,0,0,0,2
787626,0,0,0,0,2
787630,0,0,0,1,2
787650,0,0,1,0,2
787750,0,0,0,0,3
788125,0,0,0,0,2
788126,0,0,0,0,2
788130,0,0,0,0,2
788150,0,0,0,1,2
788250,0,1,0,0,1
788750,0,0,0,0,3
790625,1,0,0,0,1
790626,1,0,0,0,1
790630,1,0,0,0,1
790650,1,0,0,0,1
790750,1,0,0,0,1
791250,1,0,0,0,1
793750,1,0,0,0,1
796875,0,0,0,0,1
796876,0,0,0,0,1
796877,0,0,0,0,2
796878,1,0,0,0,1
796880,0,0,0,0,1
796881,0,0,1,0,1
796882,0,0,0,0,2
796885,0,0,0,0,2
796886,0,0,0,0,2
796890,1,0,0,0,1
796900,0,0,0,0,1
796901,0,0,0,1,1
796902,0,0,0,0,2
796905,0,0,1,0,1
796906,0,1,0,0,1
796910,0,0,0,0,2
796925,0,0,0,0,2
796926,0,0,0,0,2
796930,0,0,0,0,2
796950,1,0,0,0,1
797000,0,0,0,0,1
797001,0,0,0,0,1
797002,0,0,0,0,2
797005,0,0,0,1,1
797006,0,0,0,1,1
797010,0,0,0,0,2
797025,0,0,1,0,1
797026,0,0,0,1,1
797030,0,1,0,0,1
797050,0,0,0,0,2
797125,0,0,0,0,2
797126,0,0,0,0,2
797130,0,0,0,0,2
797150,0,0,0,0,2
797250,1,0,0,0,1
797500,0,0,0,1,1
797501,0,0,0,1,1
797502,0,0,0,1,2
797505,0,0,0,1,1
797506,0,0,1,1,1
797510,0,0,0,1,2
797525,0,0,0,1,1
797526,0,0,0,2,1
797530,0,0,1,1,1
797550,0,0,0,1,2
797625,0,0,0,1,1
797626,0,0,0,1,1
797630,0,0,0,2,1
797650,0,1,0,0,1
797750,0,0,0,1,2
798125,0,0,0,0,2
798126,0,0,0,0,2
798130,0,0,0,0,2
798150,0,0,0,2,1
798250,0,0,1,1,1
798750,1,0,0,0,1
800000,0,0,1,0,1
800001,0,0,1,0,1
800002,0,0,1,0,2
800005,0,0,1,0,1
800006,0,0,2,0,1
800010,0,0,1,0,2
800025,0,0,1,0,1
800026,0,0,1,1,1
800030,0,0,2,0,1
800050,0,0,1,0,2
800125,0,0,0,1,1
800126,0,0,0,1,1
800130,0,0,1,1,1
800150,0,0,2,0,1
800250,0,0,1,0,2
800625,0,1,0,0,1
800626,0,1,0,0,1
800630,0,1,0,0,1
800650,0,1,0,0,1
800750,0,1,0,0,1
801250,0,1,0,0,1
803125,0,0,0,0,2
803126,0,0,0,0,2
803130,0,0,0,0,2
803150,0,0,0,0,2
803250,0,0,1,1,1
803750,0,1,0,0,1
806250,1,0,0,0,1
812500,0,0,0,0,2
812501,0,0,0,0,2
812502,0,0,0,0,3
812505,0,0,0,0,2
812506,0,0,1,0,2
812510,0,0,0,0,3
812525,0,0,0,0,2
812526,0,0,0,1,2
812530,0,0,1,0,2
812550,0,0,0,0,3
812625,0,0,0,0,2
812626,0,0,0,0,2
812630,0,0,0,1,2
812650,0,0,1,0,2
812750,0,0,0,0,3
813125,0,0,0,0,2
813126,0,0,0,0,2
813130,0,0,0,0,2
813150,0,0,0,1,2
813250,0,0,1,0,2
813750,0,0,0,0,3
815625,0,0,0,0,2
815626,0,0,0,0,2
815630,0,0,0,0,2
815650,0,0,0,0,2
815750,0,0,0,1,2
816250,0,1,0,0,1
818750,0,0,0,0,3
828125,1,0,0,0,1
828126,1,0,0,0,1
828130,1,0,0,0,1
828150,1,0,0,0,1
828250,1,0,0,0,1
828750,1,0,0,0,1
831250,1,0,0,0,1
843750,1,0,0,0,1
859375,0,0,0,0,1
859376,0,0,0,0,1
859377,0,0,0,0,2
859378,1,0,0,0,1
859380,0,0,0,0,1
859381,0,0,1,0,1
859382,0,0,0,0,2
859385,0,0,0,0,2
859386,0,0,0,0,2
859390,1,0,0,0,1
859400,0,0,0,0,1
859401,0,0,0,1,1
859402,0,0,0,0,2
859405,0,0,1,0,1
859406,0,1,0,0,1
859410,0,0,0,0,2
859425,0,0,0,0,2
859426,0,0,0,0,2
859430,0,0,0,0,2
859450,1,0,0,0,1
859500,0,0,0,0,1
859501,0,0,0,0,1
859502,0,0,0,0,2
859505,0,0,0,1,1
859506,0,0,0,1,1
859510,0,0,0,0,2
859525,0,0,1,0,1
859526,0,0,0,1,1
859530,0,1,0,0,1
859550,0,0,0,0,2
859625,0,0,0,0,2
859626,0,0,0,0,2
859630,0,0,0,0,2
859650,0,0,0,0,2
859750,1,0,0,0,1
860000,0,0,0,0,1
860001,0,0,0,0,1
860002,0,0,0,0,2
860005,0,0,0,0,1
860006,0,0,1,0,1
860010,0,0,0,0,2
860025,0,0,0,1,1
860026,0,0,0,1,1
860030,0,0,0,1,1
860050,0,0,0,0,2
860125,0,0,1,0,1
860126,0,0,1,0,1
860130,0,0,0,1,1
860150,0,1,0,0,1
860250,0,0,0,0,2
860625,0,0,0,0,2
860626,0,0,0,0,2
860630,0,0,0,0,2
860650,0,0,0,0,2
860750,0,0,0,0,2
861250,1,0,0,0,1
862500,0,0,0,1,1
862501,0,0,0,1,1
862502,0,0,0,1,2
862505,0,0,0,1,1
862506,0,0,1,1,1
862510,0,0,0,1,2
862525,0,0,0,1,1
862526,0,0,0,2,1
862530,0,0,1,1,1
862550,0,0,0,1,2
862625,0,0,0,1,1
862626,0,0,0,1,1
862630,0,0,0,2,1
862650,0,0,1,1,1
862750,0,0,0,1,2
863125,0,0,0,1,1
863126,0,0,0,1,1
863130,0,0,0,1,1
863150,0,0,0,2,1
863250,0,1,0,0,1
863750,0,0,0,1,2
865625,0,0,0,0,2
865626,0,0,0,0,2
865630,0,0,0,0,2
865650,0,0,0,0,2
865750,0,0,0,2,1
866250,0,0,1,1,1
868750,1,0,0,0,1
875000,0,1,0,0,0
875001,0,1,0,0,0
875002,0,1,0,0,1
875005,0,1,0,0,0
875006,0,1,1,0,0
875010,0,1,0,0,1
875025,0,1,0,0,0
875026,0,1,0,1,0
875030,0,1,1,0,0
875050,0,1,0,0,1
875125,0,1,0,0,0
875126,0,1,0,0,0
875130,0,1,0,1,0
875150,0,1,1,0,0
875250,0,1,0,0,1
875625,0,1,0,0,0
875626,0,1,0,0,0
875630,0,1,0,0,0
875650,0,1,0,1,0
875750,0,1,1,0,0
876250,0,1,0,0,1
878125,0,1,0,0,1
878126,0,1,0,0,1
878130,0,1,0,0,1
878150,0,1,0,0,1
878250,0,1,0,0,1
878750,0,1,0,0,1
881250,0,1,0,0,1
890625,0,1,0,1,0
890626,0,1,0,1,0
890630,0,1,0,1,0
890650,0,1,0,1,0
890750,0,1,0,1,0
891250,0,1,0,1,0
893750,0,1,0,0,1
906250,1,0,0,0,1
937500,0,0,0,0,2
937501,0,0,0,0,2
937502,0,0,0,0,3
937505,0,0,0,0,2
937506,0,0,1,0,2
937510,0,0,0,0,3
937525,0,0,0,0,2
937526,0,0,0,1,2
937530,0,0,1,0,2
937550,0,0,0,0,3
937625,0,0,0,0,2
937626,0,0,0,0,2
937630,0,0,0,1,2
937650,0,0,1,0,2
937750,0,0,0,0,3
938125,0,0,0,0,2
938126,0,0,0,0,2
938130,0,0,0,0,2
938150,0,0,0,1,2
938250,0,0,1,0,2
938750,0,0,0,0,3
940625,0,0,0,0,2
940626,0,0,0,0,2
940630,0,0,0,0,2
940650,0,0,0,0,2
940750,0,0,0,1,2
941250,0,0,1,0,2
943750,0,0,0,0,3
953125,0,1,1,0,0
953126,0,1,1,0,0
953130,0,1,1,0,0
953150,0,1,1,0,0
953250,0,1,1,0,0
953750,0,1,1,0,0
956250,0,1,0,0,1
968750,0,2,0,0,0
1015625,1,0,0,0,1
1015626,1,0,0,0,1
1015630,1,0,0,0,1
1015650,1,0,0,0,1
1015750,1,0,0,0,1
1016250,1,0,0,0,1
1018750,1,0,0,0,1
1031250,1,0,0,0,1
1093750,1,0,0,0,1
1171875,1,0,0,0,0
1171876,1,0,0,0,0
1171877,1,0,0,0,1
1171878,2,0,0,0,0
1171880,1,0,0,0,0
1171881,1,0,1,0,0
1171882,1,0,0,0,1
1171885,1,0,0,0,1
1171886,1,0,0,0,1
1171890,2,0,0,0,0
1171900,1,0,0,0,0
1171901,1,0,0,1,0
1171902,1,0,0,0,1
1171905,1,0,1,0,0
1171906,1,1,0,0,0
1171910,1,0,0,0,1
1171925,1,0,0,0,1
1171926,1,0,0,0,1
1171930,1,0,0,0,1
1171950,2,0,0,0,0
1172000,1,0,0,0,0
1172001,1,0,0,0,0
1172002,1,0,0,0,1
1172005,1,0,0,1,0
1172006,1,0,0,1,0
1172010,1,0,0,0,1
1172025,1,0,1,0,0
1172026,1,0,0,1,0
1172030,1,1,0,0,0
1172050,1,0,0,0,1
1172125,1,0,0,0,1
1172126,1,0,0,0,1
1172130,1,0,0,0,1
1172150,1,0,0,0,1
1172250,2,0,0,0,0
1172500,1,0,0,0,0
1172501,1,0,0,0,0
1172502,1,0,0,0,1
1172505,1,0,0,0,0
1172506,1,0,1,0,0
1172510,1,0,0,0,1
1172525,1,0,0,1,0
1172526,1,0,0,1,0
1172530,1,0,0,1,0
1172550,1,0,0,0,1
1172625,1,0,1,0,0
1172626,1,0,1,0,0
1172630,1,0,0,1,0
1172650,1,1,0,0,0
1172750,1,0,0,0,1
1173125,1,0,0,0,1
1173126,1,0,0,0,1
1173130,1,0,0,0,1
1173150,1,0,0,0,1
1173250,1,0,0,0,1
1173750,2,0,0,0,0
1175000,1,0,0,0,0
1175001,1,0,0,0,0
1175002,1,0,0,0,1
1175005,1,0,0,0,0
1175006,1,0,1,0,0
1175010,1,0,0,0,1
1175025,1,0,0,0,0
1175026,1,0,0,1,0
1175030,1,0,1,0,0
1175050,1,0,0,0,1
1175125,1,0,0,1,0
1175126,1,0,0,1,0
1175130,1,0,0,1,0
1175150,1,0,0,1,0
1175250,1,0,0,0,1
1175625,1,0,1,0,0
1175626,1,0,1,0,0
1175630,1,0,1,0,0
1175650,1,0,0,1,0
1175750,1,1,0,0,0
1176250,1,0,0,0,1
1178125,1,0,0,0,1
1178126,1,0,0,0,1
1178130,1,0,0,0,1
1178150,1,0,0,0,1
1178250,1,0,0,0,1
1178750,1,0,0,0,1
1181250,2,0,0,0,0
1187500,1,0,0,0,0
1187501,1,0,0,0,0
1187502,1,0,0,0,1
1187505,1,0,0,0,0
1187506,1,0,1,0,0
1187510,1,0,0,0,1
1187525,1,0,0,0,0
1187526,1,0,0,1,0
1187530,1,0,1,0,0
1187550,1,0,0,0,1
1187625,1,0,0,0,0
1187626,1,0,0,0,0
1187630,1,0,0,1,0
1187650,1,0,1,0,0
1187750,1,0,0,0,1
1188125,1,0,0,1,0
1188126,1,0,0,1,0
1188130,1,0,0,1,0
1188150,1,0,0,1,0
1188250,1,0,0,1,0
1188750,1,0,0,0,1
1190625,1,0,1,0,0
1190626,1,0,1,0,0
1190630,1,0,1,0,0
1190650,1,0,1,0,0
1190750,1,0,0,1,0
1191250,1,1,0,0,0
1193750,1,0,0,0,1
1203125,1,0,0,0,1
1203126,1,0,0,0,1
1203130,1,0,0,0,1
1203150,1,0,0,0,1
1203250,1,0,0,0,1
1203750,1,0,0,0,1
1206250,1,0,0,0,1
1218750,2,0,0,0,0
1250000,1,0,0,0,0
1250001,1,0,0,0,0
1250002,1,0,0,0,1
1250005,1,0,0,0,0
1250006,1,0,1,0,0
1250010,1,0,0,0,1
1250025,1,0,0,0,0
1250026,1,0,0,1,0
1250030,1,0,1,0,0
1250050,1,0,0,0,1
1250125,1,0,0,0,0
1250126,1,0,0,0,0
1250130,1,0,0,1,0
1250150,1,0,1,0,0
1250250,1,0,0,0,1
1250625,1,0,0,0,0
1250626,1,0,0,0,0
1250630,1,0,0,0,0
1250650,1,0,0,1,0
1250750,1,0,1,0,0
1251250,1,0,0,0,1
1253125,1,0,0,1,0
1253126,1,0,0,1,0
1253130,1,0,0,1,0
1253150,1,0,0,1,0
1253250,1,0,0,1,0
1253750,1,0,0,1,0
1256250,1,0,0,0,1
1265625,1,0,1,0,0
1265626,1,0,1,0,0
1265630,1,0,1,0,0
1265650,1,0,1,0,0
1265750,1,0,1,0,0
1266250,1,0,0,1,0
1268750,1,1,0,0,0
1281250,1,0,0,0,1
1328125,1,0,0,0,1
1328126,1,0,0,0,1
1328130,1,0,0,0,1
1328150,1,0,0,0,1
1328250,1,0,0,0,1
1328750,1,0,0,0,1
1331250,1,0,0,0,1
1343750,1,0,0,0,1
1406250,2,0,0,0,0
1562500,1,0,0,0,0
1562501,1,0,0,0,0
1562502,1,0,0,0,1
1562505,1,0,0,0,0
1562506,1,0,1,0,0
1562510,1,0,0,0,1
1562525,1,0,0,0,0
1562526,1,0,0,1,0
1562530,1,0,1,0,0
1562550,1,0,0,0,1
1562625,1,0,0,0,0
1562626,1,0,0,0,0
1562630,1,0,0,1,0
1562650,1,0,1,0,0
1562750,1,0,0,0,1
1563125,1,0,0,0,0
1563126,1,0,0,0,0
1563130,1,0,0,0,0
1563150,1,0,0,1,0
1563250,1,0,1,0,0
1563750,1,0,0,0,1
1565625,1,0,0,0,0
1565626,1,0,0,0,0
1565630,1,0,0,0,0
1565650,1,0,0,0,0
1565750,1,0,0,1,0
1566250,1,0,1,0,0
1568750,1,0,0,0,1
1578125,1,0,0,1,0
1578126,1,0,0,1,0
1578130,1,0,0,1,0
1578150,1,0,0,1,0
1578250,1,0,0,1,0
1578750,1,0,0,1,0
1581250,1,0,0,1,0
1593750,1,0,0,0,1
1640625,1,0,1,0,0
1640626,1,0,1,0,0
1640630,1,0,1,0,0
1640650,1,0,1,0,0
1640750,1,0,1,0,0
1641250,1,0,1,0,0
1643750,1,0,0,1,0
1656250,1,1,0,0,0
1718750,1,0,0,0,1
