from,to
2,0
3,0
4,1
6,0
7,5
8,5
9,6
10,0
11,1
12,10
13,10
14,11
15,0
16,1
17,2
18,15
20,5
21,6
22,7
26,0
27,25
28,25
29,26
30,0
31,0
32,1
33,30
34,31
35,25
36,5
37,6
38,35
40,25
41,26
42,27
45,30
46,31
50,0
51,1
52,50
53,50
54,51
55,5
56,25
57,26
58,55
60,50
61,30
62,31
65,50
66,51
70,55
75,0
76,1
77,2
78,75
80,5
81,6
82,7
85,10
86,11
90,75
100,25
101,26
102,27
105,30
106,31
110,35
127,125
128,125
129,126
130,0
131,1
132,130
133,130
134,131
135,125
136,6
137,135
138,135
140,125
141,126
142,127
145,130
146,131
150,0
151,125
152,150
153,150
154,151
155,0
156,125
157,126
158,155
160,5
161,130
162,131
165,150
166,151
170,155
175,125
176,150
177,175
178,175
180,25
181,150
182,151
185,30
186,155
190,175
200,125
201,126
202,127
205,130
206,131
210,135
225,150
226,151
230,155
250,0
251,1
252,250
253,250
254,251
255,5
256,6
257,255
258,255
260,250
261,251
262,260
265,250
266,251
270,255
275,25
276,26
277,275
278,275
280,125
281,250
282,251
285,130
286,255
290,275
300,250
301,251
302,300
305,150
306,275
310,155
325,250
326,251
330,255
350,275
375,0
376,1
377,2
378,375
380,5
381,6
382,7
385,10
386,11
390,375
400,25
401,26
402,27
405,30
406,31
410,35
425,50
426,51
430,55
450,375
500,125
501,126
502,127
505,130
506,131
510,135
525,150
526,151
530,155
550,175
627,625
628,625
629,626
631,625
632,630
633,630
634,631
635,625
636,626
637,635
638,635
640,625
641,626
642,627
645,630
646,631
650,0
651,625
652,650
653,650
654,651
655,5
656,625
657,626
658,655
660,650
661,630
662,631
665,650
666,651
670,655
675,625
676,650
677,675
678,675
680,30
681,650
682,651
685,675
686,655
690,675
700,625
701,626
702,627
705,630
706,631
710,635
725,650
726,651
730,655
750,0
751,1
752,750
753,750
754,751
755,625
756,750
757,755
758,755
760,750
761,751
762,760
765,750
766,751
770,755
775,0
776,1
777,2
778,775
780,625
781,750
782,751
785,630
786,755
790,775
800,25
801,26
802,27
805,650
806,775
810,655
825,750
826,751
830,755
850,775
875,625
876,626
877,875
878,875
880,750
881,631
882,880
885,875
886,756
890,875
900,125
901,126
902,127
905,750
906,875
910,755
925,150
926,151
930,775
950,875
1000,625
1001,626
1002,627
1005,630
1006,631
1010,635
1025,650
1026,651
1030,655
1050,675
1125,750
1126,751
1130,755
1150,775
1250,0
1251,1
1252,1250
1253,1250
1254,1251
1255,5
1256,6
1257,1255
1258,1255
1260,1250
1261,1251
1262,1260
1265,1250
1266,1251
1270,1255
1275,25
1276,26
1277,1275
1278,1275
1280,30
1281,1250
1282,1251
1285,1275
1286,1255
1290,1275
1300,1250
1301,1251
1302,1300
1305,1255
1306,1275
1310,1300
1325,1250
1326,1251
1330,1255
1350,1275
1375,125
1376,126
1377,1375
1378,1375
1380,130
1381,131
1382,1380
1385,1375
1386,136
1390,1375
1400,625
1401,626
1402,627
1405,1250
1406,1375
1410,1255
1425,650
1426,651
1430,1275
1450,1375
1500,1250
1501,1251
1502,1500
1505,1255
1506,1256
1510,1500
1525,750
1526,751
1530,1375
1550,775
1625,1250
1626,1251
1630,1255
1650,1275
1750,1375
1875,0
1876,1
1877,2
1878,1875
1880,5
1881,6
1882,7
1885,10
1886,11
1890,1875
1900,25
1901,26
1902,27
1905,30
1906,31
1910,35
1925,50
1926,51
1930,55
1950,1875
2000,125
2001,126
2002,127
2005,130
2006,131
2010,135
2025,150
2026,151
2030,155
2050,175
2125,250
2126,251
2130,255
2150,275
2250,1875
2500,625
2501,626
2502,627
2505,630
2506,631
2510,635
2525,650
2526,651
2530,655
2550,675
2625,750
2626,751
2630,755
2650,775
2750,875
3127,3125
3128,3125
3129,3126
3131,3125
3132,3130
3133,3130
3134,3131
3135,3125
3136,3126
3137,3135
3138,3135
3140,3125
3141,3126
3142,3127
3145,3130
3146,3131
3151,3125
3152,3150
3153,3150
3154,3151
3155,3125
3156,3125
3157,3126
3158,3155
3160,3150
3161,3130
3162,3131
3165,3150
3166,3151
3170,3155
3175,3125
3176,3126
3177,3175
3178,3175
3180,3130
3181,3150
3182,3151
3185,3175
3186,3155
3190,3175
3200,3125
3201,3126
3202,3127
3205,3130
3206,3131
3210,3135
3225,3150
3226,3151
3230,3155
3250,0
3251,1
3252,3250
3253,3250
3254,3251
3255,3125
3256,6
3257,3255
3258,3255
3260,3250
3261,3251
3262,3260
3265,3250
3266,3251
3270,3255
3275,25
3276,3250
3277,3275
3278,3275
3280,3125
3281,3250
3282,3251
3285,3130
3286,3255
3290,3275
3300,3250
3301,3251
3302,3300
3305,3150
3306,3275
3310,3155
3325,3250
3326,3251
3330,3255
3350,3275
3375,3125
3376,3126
3377,3375
3378,3375
3380,3250
3381,3131
3382,3380
3385,3375
3386,3256
3390,3375
3400,150
3401,3151
3402,3400
3405,3250
3406,3375
3410,3255
3425,3375
3426,3400
3430,3275
3450,3375
3500,3125
3501,3126
3502,3127
3505,3130
3506,3131
3510,3135
3525,3150
3526,3151
3530,3155
3550,3175
3625,3250
3626,3251
3630,3255
3650,3275
3750,0
3751,1
3752,3750
3753,3750
3754,3751
3755,5
3756,3750
3757,3755
3758,3755
3760,3750
3761,3751
3762,3760
3765,3750
3766,3751
3770,3755
3775,3125
3776,3750
3777,3775
3778,3775
3780,3750
3781,3750
3782,3751
3785,3775
3786,3755
3790,3775
3800,3750
3801,3751
3802,3800
3805,3755
3806,3775
3810,3800
3825,3750
3826,3751
3830,3755
3850,3775
3875,0
3876,1
3877,2
3878,3875
3880,5
3881,6
3882,7
3885,10
3886,11
3890,3875
3900,3125
3901,3126
3902,3127
3905,3750
3906,3875
3910,3755
3925,3150
3926,3151
3930,3775
3950,3875
4000,125
4001,126
4002,127
4005,130
4006,131
4010,135
4025,3250
4026,3251
4030,3875
4050,3275
4125,3750
4126,3751
4130,3755
4150,3775
4250,3875
4375,3125
4376,3126
4377,4375
4378,4375
4380,3130
4381,3131
4382,4380
4385,4375
4386,4376
4390,4375
4400,3750
4401,3151
4402,4400
4405,3155
4406,4375
4410,4400
4425,4375
4426,4400
4430,3780
4450,4375
4500,625
4501,626
4502,627
4505,630
4506,631
4510,635
4525,3750
4526,3751
4530,4375
4550,3775
4625,750
4626,751
4630,755
4650,3875
4750,4375
5000,3125
5001,3126
5002,3127
5005,3130
5006,3131
5010,3135
5025,3150
5026,3151
5030,3155
5050,3175
5125,3250
5126,3251
5130,3255
5150,3275
5250,3375
5625,3750
5626,3751
5630,3755
5650,3775
5750,3875
6250,0
6251,1
6252,6250
6253,6250
6254,6251
6255,5
6256,6
6257,6255
6258,6255
6260,6250
6261,6251
6262,6260
6265,6250
6266,6251
6270,6255
6275,25
6276,26
6277,6275
6278,6275
6280,30
6281,6250
6282,6251
6285,6275
6286,6255
6290,6275
6300,6250
6301,6251
6302,6300
6305,6255
6306,6275
6310,6300
6325,6250
6326,6251
6330,6255
6350,6275
6375,125
6376,126
6377,6375
6378,6375
6380,130
6381,131
6382,6380
6385,6375
6386,136
6390,6375
6400,150
6401,151
6402,6400
6405,6250
6406,6375
6410,6255
6425,6375
6426,176
6430,6275
6450,6375
6500,6250
6501,6251
6502,6500
6505,6255
6506,6256
6510,6500
6525,6275
6526,6276
6530,6375
6550,6500
6625,6250
6626,6251
6630,6255
6650,6275
6750,6375
6875,625
6876,626
6877,6875
6878,6875
6880,630
6881,631
6882,6880
6885,6875
6886,6876
6890,6875
6900,650
6901,651
6902,6900
6905,655
6906,6875
6910,6900
6925,6875
6926,676
6930,680
6950,6875
7000,3125
7001,3126
7002,3127
7005,3130
7006,3131
7010,3135
7025,6250
7026,6251
7030,6875
7050,6275
7125,3250
7126,3251
7130,3255
7150,6375
7250,6875
7500,6250
7501,6251
7502,7500
7505,6255
7506,6256
7510,7500
7525,6275
7526,6276
7530,6280
7550,7500
7625,3750
7626,3751
7630,3755
7650,6875
7750,3875
8125,6250
8126,6251
8130,6255
8150,6275
8250,6375
8750,6875
9375,0
9376,1
9377,2
9378,9375
9380,5
9381,6
9382,7
9385,10
9386,11
9390,9375
9400,25
9401,26
9402,27
9405,30
9406,31
9410,35
9425,50
9426,51
9430,55
9450,9375
9500,125
9501,126
9502,127
9505,130
9506,131
9510,135
9525,150
9526,151
9530,155
9550,175
9625,250
9626,251
9630,255
9650,275
9750,9375
10000,625
10001,626
10002,627
10005,630
10006,631
10010,635
10025,650
10026,651
10030,655
10050,675
10125,750
10126,751
10130,755
10150,775
10250,875
10625,1250
10626,1251
10630,1255
10650,1275
10750,1375
11250,9375
12500,3125
12501,3126
12502,3127
12505,3130
12506,3131
12510,3135
12525,3150
12526,3151
12530,3155
12550,3175
12625,3250
12626,3251
12630,3255
12650,3275
12750,3375
13125,3750
13126,3751
13130,3755
13150,3775
13250,3875
13750,4375
15627,15625
15628,15625
15629,15626
15631,15625
15632,15630
15633,15630
15634,15631
15635,15625
15636,15626
15637,15635
15638,15635
15640,15625
15641,15626
15642,15627
15645,15630
15646,15631
15651,15625
15652,15650
15653,15650
15654,15651
15655,15625
15656,15625
15657,15626
15658,15655
15660,15650
15661,15630
15662,15631
15665,15650
15666,15651
15670,15655
15675,15625
15676,15626
15677,15675
15678,15675
15680,15630
15681,15650
15682,15651
15685,15675
15686,15655
15690,15675
15700,15625
15701,15626
15702,15627
15705,15630
15706,15631
15710,15635
15725,15650
15726,15651
15730,15655
15752,15750
15753,15750
15754,15751
15755,15625
15756,15626
15757,15755
15758,15755
15760,15750
15761,15631
15762,15760
15765,15750
15766,15751
15770,15755
15775,15625
15776,15750
15777,15775
15778,15775
15780,15625
15781,15750
15782,15751
15785,15630
15786,15755
15790,15775
15800,15750
15801,15775
15802,15800
15805,15650
15806,15775
15810,15655
15825,15750
15826,15751
15830,15755
15850,15775
15875,15625
15876,15626
15877,15875
15878,15875
15880,15630
15881,15631
15882,15880
15885,15875
15886,15876
15890,15875
15900,15650
15901,15651
15902,15900
15905,15750
15906,15875
15910,15755
15925,15875
15926,15876
15930,15775
15950,15875
16000,15625
16001,15626
16002,15627
16005,15630
16006,15631
16010,15635
16025,15650
16026,15651
16030,15655
16050,15675
16125,15750
16126,15751
16130,15755
16150,15775
16250,0
16251,1
16252,16250
16253,16250
16254,16251
16255,5
16256,6
16257,16255
16258,16255
16260,16250
16261,16251
16262,16260
16265,16250
16266,16251
16270,16255
16275,15625
16276,16250
16277,16275
16278,16275
16280,30
16281,16250
16282,16251
16285,16275
16286,16255
16290,16275
16300,16250
16301,16251
16302,16300
16305,16255
16306,16275
16310,16300
16325,16250
16326,16251
16330,16255
16350,16275
16375,125
16376,126
16377,16375
16378,16375
16380,16250
16381,16251
16382,16380
16385,16375
16386,16256
16390,16375
16400,15625
16401,15626
16402,15627
16405,16250
16406,16375
16410,16255
16425,15650
16426,15651
16430,16275
16450,16375
16500,16250
16501,16251
16502,16500
16505,16255
16506,16256
16510,16500
16525,15750
16526,15751
16530,16375
16550,15775
16625,16250
16626,16251
16630,16255
16650,16275
16750,16375
16875,15625
16876,15626
16877,16875
16878,16875
16880,15630
16881,15631
16882,16880
16885,16875
16886,16876
16890,16875
16900,16250
16901,15651
16902,16900
16905,15655
16906,16875
16910,16900
16925,16875
16926,16900
16930,16280
16950,16875
17000,750
17001,751
17002,17000
17005,15755
17006,756
17010,17000
17025,16250
17026,16251
17030,16875
17050,16275
17125,16875
17126,16876
17130,17000
17150,16375
17250,16875
17500,15625
17501,15626
17502,15627
17505,15630
17506,15631
17510,15635
17525,15650
17526,15651
17530,15655
17550,15675
17625,15750
17626,15751
17630,15755
17650,15775
17750,15875
18125,16250
18126,16251
18130,16255
18150,16275
18250,16375
18750,0
18751,1
18752,18750
18753,18750
18754,18751
18755,5
18756,18750
18757,18755
18758,18755
18760,18750
18761,18751
18762,18760
18765,18750
18766,18751
18770,18755
18775,25
18776,18750
18777,18775
18778,18775
18780,18750
18781,18750
18782,18751
18785,18775
18786,18755
18790,18775
18800,18750
18801,18751
18802,18800
18805,18755
18806,18775
18810,18800
18825,18750
18826,18751
18830,18755
18850,18775
18875,15625
18876,15626
18877,18875
18878,18875
18880,18750
18881,18751
18882,18880
18885,18875
18886,18756
18890,18875
18900,18750
18901,18875
18902,18900
18905,18750
18906,18875
18910,18755
18925,18875
18926,18900
18930,18775
18950,18875
19000,18750
19001,18751
19002,19000
19005,18755
19006,18756
19010,19000
19025,18775
19026,18776
19030,18875
19050,19000
19125,18750
19126,18751
19130,18755
19150,18775
19250,18875
19375,0
19376,1
19377,2
19378,19375
19380,5
19381,6
19382,7
19385,10
19386,11
19390,19375
19400,25
19401,26
19402,27
19405,30
19406,19375
19410,35
19425,50
19426,51
19430,55
19450,19375
19500,15625
19501,15626
19502,15627
19505,15630
19506,15631
19510,15635
19525,18750
19526,18751
19530,19375
19550,18775
19625,15750
19626,15751
19630,15755
19650,18875
19750,19375
20000,625
20001,626
20002,627
20005,630
20006,631
20010,635
20025,650
20026,651
20030,655
20050,675
20125,16250
20126,16251
20130,16255
20150,19375
20250,16375
20625,18750
20626,18751
20630,18755
20650,18775
20750,18875
21250,19375
21875,15625
21876,15626
21877,21875
21878,21875
21880,15630
21881,15631
21882,21880
21885,21875
21886,21876
21890,21875
21900,15650
21901,15651
21902,21900
21905,15655
21906,21875
21910,21900
21925,21875
21926,21876
21930,21880
21950,21875
22000,18750
22001,18751
22002,22000
22005,15755
22006,18756
22010,22000
22025,15775
22026,22000
22030,21875
22050,22000
22125,21875
22126,21876
22130,22000
22150,18900
22250,21875
22500,3125
22501,3126
22502,3127
22505,3130
22506,3131
22510,3135
22525,3150
22526,3151
22530,3155
22550,3175
22625,18750
22626,18751
22630,18755
22650,21875
22750,18875
23125,3750
23126,3751
23130,3755
23150,3775
23250,19375
23750,21875
25000,15625
25001,15626
25002,15627
25005,15630
25006,15631
25010,15635
25025,15650
25026,15651
25030,15655
25050,15675
25125,15750
25126,15751
25130,15755
25150,15775
25250,15875
25625,16250
25626,16251
25630,16255
25650,16275
25750,16375
26250,16875
28125,18750
28126,18751
28130,18755
28150,18775
28250,18875
28750,19375
31250,0
31251,1
31252,31250
31253,31250
31254,31251
31255,5
31256,6
31257,31255
31258,31255
31260,31250
31261,31251
31262,31260
31265,31250
31266,31251
31270,31255
31275,25
31276,26
31277,31275
31278,31275
31280,30
31281,31250
31282,31251
31285,31275
31286,31255
31290,31275
31300,31250
31301,31251
31302,31300
31305,31255
31306,31275
31310,31300
31325,31250
31326,31251
31330,31255
31350,31275
31375,125
31376,126
31377,31375
31378,31375
31380,130
31381,131
31382,31380
31385,31375
31386,136
31390,31375
31400,150
31401,151
31402,31400
31405,31250
31406,31375
31410,31255
31425,31375
31426,176
31430,31275
31450,31375
31500,31250
31501,31251
31502,31500
31505,31255
31506,31256
31510,31500
31525,31275
31526,31276
31530,31375
31550,31500
31625,31250
31626,31251
31630,31255
31650,31275
31750,31375
31875,625
31876,626
31877,31875
31878,31875
31880,630
31881,631
31882,31880
31885,31875
31886,31876
31890,31875
31900,650
31901,651
31902,31900
31905,655
31906,31875
31910,31900
31925,31875
31926,676
31930,680
31950,31875
32000,750
32001,751
32002,32000
32005,755
32006,756
32010,32000
32025,31250
32026,31251
32030,31875
32050,31275
32125,31875
32126,31876
32130,880
32150,31375
32250,31875
32500,31250
32501,31251
32502,32500
32505,31255
32506,31256
32510,32500
32525,31275
32526,31276
32530,31280
32550,32500
32625,31375
32626,31376
32630,31380
32650,31875
32750,32500
33125,31250
33126,31251
33130,31255
33150,31275
33250,31375
33750,31875
34375,3125
34376,3126
34377,34375
34378,34375
34380,3130
34381,3131
34382,34380
34385,34375
34386,34376
34390,34375
34400,3150
34401,3151
34402,34400
34405,3155
34406,34375
34410,34400
34425,34375
34426,34376
34430,34380
34450,34375
34500,3250
34501,3251
34502,34500
34505,3255
34506,3256
34510,34500
34525,3275
34526,3276
34530,34375
34550,34500
34625,34375
34626,34376
34630,3380
34650,3400
34750,34375
35000,15625
35001,15626
35002,15627
35005,15630
35006,15631
35010,15635
35025,15650
35026,15651
35030,15655
35050,15675
35125,31250
35126,31251
35130,31255
35150,34375
35250,31375
35625,16250
35626,16251
35630,16255
35650,16275
35750,31875
36250,34375
37500,31250
37501,31251
37502,37500
37505,31255
37506,31256
37510,37500
37525,31275
37526,31276
37530,31280
37550,37500
37625,31375
37626,31376
37630,31380
37650,31400
37750,37500
38125,18750
38126,18751
38130,18755
38150,18775
38250,34375
38750,19375
40625,31250
40626,31251
40630,31255
40650,31275
40750,31375
41250,31875
43750,34375
46875,0
46876,1
46877,2
46878,46875
46880,5
46881,6
46882,7
46885,10
46886,11
46890,46875
46900,25
46901,26
46902,27
46905,30
46906,31
46910,35
46925,50
46926,51
46930,55
46950,46875
47000,125
47001,126
47002,127
47005,130
47006,131
47010,135
47025,150
47026,151
47030,155
47050,175
47125,250
47126,251
47130,255
47150,275
47250,46875
47500,625
47501,626
47502,627
47505,630
47506,631
47510,635
47525,650
47526,651
47530,655
47550,675
47625,750
47626,751
47630,755
47650,775
47750,875
48125,1250
48126,1251
48130,1255
48150,1275
48250,1375
48750,46875
50000,3125
50001,3126
50002,3127
50005,3130
50006,3131
50010,3135
50025,3150
50026,3151
50030,3155
50050,3175
50125,3250
50126,3251
50130,3255
50150,3275
50250,3375
50625,3750
50626,3751
50630,3755
50650,3775
50750,3875
51250,4375
53125,6250
53126,6251
53130,6255
53150,6275
53250,6375
53750,6875
56250,46875
62500,15625
62501,15626
62502,15627
62505,15630
62506,15631
62510,15635
62525,15650
62526,15651
62530,15655
62550,15675
62625,15750
62626,15751
62630,15755
62650,15775
62750,15875
63125,16250
63126,16251
63130,16255
63150,16275
63250,16375
63750,16875
65625,18750
65626,18751
65630,18755
65650,18775
65750,18875
66250,19375
68750,21875
78127,78125
78128,78125
78129,78126
78131,78125
78132,78130
78133,78130
78134,78131
78135,78125
78136,78126
78137,78135
78138,78135
78140,78125
78141,78126
78142,78127
78145,78130
78146,78131
78151,78125
78152,78150
78153,78150
78154,78151
78155,78125
78156,78125
78157,78126
78158,78155
78160,78150
78161,78130
78162,78131
78165,78150
78166,78151
78170,78155
78175,78125
78176,78126
78177,78175
78178,78175
78180,78130
78181,78150
78182,78151
78185,78175
78186,78155
78190,78175
78200,78125
78201,78126
78202,78127
78205,78130
78206,78131
78210,78135
78225,78150
78226,78151
78230,78155
78252,78250
78253,78250
78254,78251
78255,78125
78256,78126
78257,78255
78258,78255
78260,78250
78261,78131
78262,78260
78265,78250
78266,78251
78270,78255
78275,78125
78276,78250
78277,78275
78278,78275
78280,78125
78281,78250
78282,78251
78285,78130
78286,78255
78290,78275
78300,78250
78301,78275
78302,78300
78305,78150
78306,78275
78310,78155
78325,78250
78326,78251
78330,78255
78350,78275
78375,78125
78376,78126
78377,78375
78378,78375
78380,78130
78381,78131
78382,78380
78385,78375
78386,78376
78390,78375
78400,78150
78401,78151
78402,78400
78405,78250
78406,78375
78410,78255
78425,78375
78426,78376
78430,78275
78450,78375
78500,78125
78501,78126
78502,78127
78505,78130
78506,78131
78510,78135
78525,78150
78526,78151
78530,78155
78550,78175
78625,78250
78626,78251
78630,78255
78650,78275
78752,78750
78753,78750
78754,78751
78756,78750
78757,78755
78758,78755
78760,78750
78761,78751
78762,78760
78765,78750
78766,78751
78770,78755
78775,78125
78776,78750
78777,78775
78778,78775
78780,78130
78781,78750
78782,78751
78785,78775
78786,78755
78790,78775
78800,78750
78801,78775
78802,78800
78805,78155
78806,78775
78810,78800
78825,78750
78826,78751
78830,78755
78850,78775
78875,78125
78876,78126
78877,78875
78878,78875
78880,78750
78881,78875
78882,78880
78885,78875
78886,78876
78890,78875
78900,78125
78901,78126
78902,78127
78905,78750
78906,78875
78910,78755
78925,78150
78926,78151
78930,78775
78950,78875
79000,78750
79001,78751
79002,79000
79005,78875
79006,78756
79010,79000
79025,78250
79026,78251
79030,78875
79050,78275
79125,78750
79126,78751
79130,78755
79150,78775
79250,78875
79375,78125
79376,78126
79377,79375
79378,79375
79380,78130
79381,78131
79382,79380
79385,79375
79386,79376
79390,79375
79400,78150
79401,78151
79402,79400
79405,78155
79406,79375
79410,79400
79425,79375
79426,79376
79430,79380
79450,79375
79500,78250
79501,78251
79502,79500
79505,78255
79506,78256
79510,79500
79525,78750
79526,78751
79530,79375
79550,78775
79625,79375
79626,79376
79630,79380
79650,78875
79750,79375
80000,78125
80001,78126
80002,78127
80005,78130
80006,78131
80010,78135
80025,78150
80026,78151
80030,78155
80050,78175
80125,78250
80126,78251
80130,78255
80150,78275
80250,78375
80625,78750
80626,78751
80630,78755
80650,78775
80750,78875
81250,0
81251,1
81252,81250
81253,81250
81254,81251
81255,5
81256,6
81257,81255
81258,81255
81260,81250
81261,81251
81262,81260
81265,81250
81266,81251
81270,81255
81275,25
81276,81250
81277,81275
81278,81275
81280,30
81281,81250
81282,81251
81285,81275
81286,81255
81290,81275
81300,81250
81301,81251
81302,81300
81305,81255
81306,81275
81310,81300
81325,81250
81326,81251
81330,81255
81350,81275
81375,78125
81376,78126
81377,81375
81378,81375
81380,81250
81381,81251
81382,81380
81385,81375
81386,81256
81390,81375
81400,150
81401,81375
81402,81400
81405,81250
81406,81375
81410,81255
81425,81375
81426,81400
81430,81275
81450,81375
81500,81250
81501,81251
81502,81500
81505,81255
81506,81256
81510,81500
81525,81275
81526,81276
81530,81375
81550,81500
81625,81250
81626,81251
81630,81255
81650,81275
81750,81375
81875,625
81876,626
81877,81875
81878,81875
81880,630
81881,631
81882,81880
81885,81875
81886,81876
81890,81875
81900,81250
81901,81875
81902,81900
81905,81255
81906,81875
81910,81900
81925,81875
81926,81900
81930,81280
81950,81875
82000,78125
82001,78126
82002,78127
82005,78130
82006,78131
82010,78135
82025,81250
82026,81251
82030,81875
82050,81275
82125,78250
82126,78251
82130,78255
82150,81375
82250,81875
82500,81250
82501,81251
82502,82500
82505,81255
82506,81256
82510,82500
82525,81275
82526,81276
82530,81280
82550,82500
82625,78750
82626,78751
82630,78755
82650,81875
82750,78875
83125,81250
83126,81251
83130,81255
83150,81275
83250,81375
83750,81875
84375,78125
84376,78126
84377,84375
84378,84375
84380,78130
84381,78131
84382,84380
84385,84375
84386,84376
84390,84375
84400,78150
84401,78151
84402,84400
84405,78155
84406,84375
84410,84400
84425,84375
84426,84376
84430,84380
84450,84375
84500,81250
84501,81251
84502,84500
84505,78255
84506,81256
84510,84500
84525,78275
84526,84500
84530,84375
84550,84500
84625,84375
84626,84376
84630,84500
84650,81400
84750,84375
85000,3750
85001,3751
85002,85000
85005,3755
85006,3756
85010,85000
85025,78775
85026,85000
85030,3780
85050,85000
85125,81250
85126,81251
85130,81255
85150,84375
85250,81375
85625,84375
85626,84376
85630,84380
85650,85000
85750,81875
86250,84375
87500,78125
87501,78126
87502,78127
87505,78130
87506,78131
87510,78135
87525,78150
87526,78151
87530,78155
87550,78175
87625,78250
87626,78251
87630,78255
87650,78275
87750,78375
88125,78750
88126,78751
88130,78755
88150,78775
88250,78875
88750,79375
90625,81250
90626,81251
90630,81255
90650,81275
90750,81375
91250,81875
93750,0
93751,1
93752,93750
93753,93750
93754,93751
93755,5
93756,93750
93757,93755
93758,93755
93760,93750
93761,93751
93762,93760
93765,93750
93766,93751
93770,93755
93775,25
93776,93750
93777,93775
93778,93775
93780,93750
93781,93750
93782,93751
93785,93775
93786,93755
93790,93775
93800,93750
93801,93751
93802,93800
93805,93755
93806,93775
93810,93800
93825,93750
93826,93751
93830,93755
93850,93775
93875,125
93876,126
93877,93875
93878,93875
93880,93750
93881,93751
93882,93880
93885,93875
93886,93756
93890,93875
93900,93750
93901,93875
93902,93900
93905,93750
93906,93875
93910,93755
93925,93875
93926,93900
93930,93775
93950,93875
94000,93750
94001,93751
94002,94000
94005,93755
94006,93756
94010,94000
94025,93775
94026,93776
94030,93875
94050,94000
94125,93750
94126,93751
94130,93755
94150,93775
94250,93875
94375,78125
94376,78126
94377,94375
94378,94375
94380,78130
94381,78131
94382,94380
94385,94375
94386,94376
94390,94375
94400,93750
94401,94375
94402,94400
94405,93755
94406,94375
94410,94400
94425,94375
94426,94400
94430,93780
94450,94375
94500,93750
94501,93751
94502,94500
94505,94375
94506,94500
94510,94500
94525,93750
94526,93751
94530,94375
94550,93775
94625,94375
94626,94376
94630,94500
94650,93875
94750,94375
95000,93750
95001,93751
95002,95000
95005,93755
95006,93756
95010,95000
95025,93775
95026,93776
95030,93780
95050,95000
95125,93875
95126,93876
95130,93880
95150,94375
95250,95000
95625,93750
95626,93751
95630,93755
95650,93775
95750,93875
96250,94375
96875,0
96876,1
96877,2
96878,96875
96880,5
96881,6
96882,7
96885,10
96886,11
96890,96875
96900,25
96901,26
96902,27
96905,30
96906,96875
96910,35
96925,50
96926,51
96930,55
96950,96875
97000,125
97001,126
97002,127
97005,130
97006,131
97010,135
97025,150
97026,151
97030,96875
97050,175
97125,250
97126,251
97130,255
97150,275
97250,96875
97500,78125
97501,78126
97502,78127
97505,78130
97506,78131
97510,78135
97525,78150
97526,78151
97530,78155
97550,78175
97625,93750
97626,93751
97630,93755
97650,96875
97750,93875
98125,78750
98126,78751
98130,78755
98150,78775
98250,94375
98750,96875
100000,3125
100001,3126
100002,3127
100005,3130
100006,3131
100010,3135
100025,3150
100026,3151
100030,3155
100050,3175
100125,3250
100126,3251
100130,3255
100150,3275
100250,3375
100625,81250
100626,81251
100630,81255
100650,81275
100750,96875
101250,81875
103125,93750
103126,93751
103130,93755
103150,93775
103250,93875
103750,94375
106250,96875
109375,78125
109376,78126
109377,109375
109378,109375
109380,78130
109381,78131
109382,109380
109385,109375
109386,109376
109390,109375
109400,78150
109401,78151
109402,109400
109405,78155
109406,109375
109410,109400
109425,109375
109426,109376
109430,109380
109450,109375
109500,78250
109501,78251
109502,109500
109505,78255
109506,78256
109510,109500
109525,78275
109526,78276
109530,109375
109550,109500
109625,109375
109626,109376
109630,109380
109650,109400
109750,109375
110000,93750
110001,93751
110002,110000
110005,93755
110006,93756
110010,110000
110025,78775
110026,110000
110030,93780
110050,110000
110125,78875
110126,78876
110130,110000
110150,109375
110250,110000
110625,109375
110626,109376
110630,109380
110650,110000
110750,94500
111250,109375
112500,15625
112501,15626
112502,15627
112505,15630
112506,15631
112510,15635
112525,15650
112526,15651
112530,15655
112550,15675
112625,15750
112626,15751
112630,15755
112650,15775
112750,15875
113125,93750
113126,93751
113130,93755
113150,93775
113250,109375
113750,94375
115625,18750
115626,18751
115630,18755
115650,18775
115750,18875
116250,96875
118750,109375
125000,78125
125001,78126
125002,78127
125005,78130
125006,78131
125010,78135
125025,78150
125026,78151
125030,78155
125050,78175
125125,78250
125126,78251
125130,78255
125150,78275
125250,78375
125625,78750
125626,78751
125630,78755
125650,78775
125750,78875
126250,79375
128125,81250
128126,81251
128130,81255
128150,81275
128250,81375
128750,81875
131250,84375
140625,93750
140626,93751
140630,93755
140650,93775
140750,93875
141250,94375
143750,96875
156250,0
156251,1
156252,156250
156253,156250
156254,156251
156255,5
156256,6
156257,156255
156258,156255
156260,156250
156261,156251
156262,156260
156265,156250
156266,156251
156270,156255
156275,25
156276,26
156277,156275
156278,156275
156280,30
156281,156250
156282,156251
156285,156275
156286,156255
156290,156275
156300,156250
156301,156251
156302,156300
156305,156255
156306,156275
156310,156300
156325,156250
156326,156251
156330,156255
156350,156275
156375,125
156376,126
156377,156375
156378,156375
156380,130
156381,131
156382,156380
156385,156375
156386,136
156390,156375
156400,150
156401,151
156402,156400
156405,156250
156406,156375
156410,156255
156425,156375
156426,176
156430,156275
156450,156375
156500,156250
156501,156251
156502,156500
156505,156255
156506,156256
156510,156500
156525,156275
156526,156276
156530,156375
156550,156500
156625,156250
156626,156251
156630,156255
156650,156275
156750,156375
156875,625
156876,626
156877,156875
156878,156875
156880,630
156881,631
156882,156880
156885,156875
156886,156876
156890,156875
156900,650
156901,651
156902,156900
156905,655
156906,156875
156910,156900
156925,156875
156926,676
156930,680
156950,156875
157000,750
157001,751
157002,157000
157005,755
157006,756
157010,157000
157025,156250
157026,156251
157030,156875
157050,156275
157125,156875
157126,156876
157130,880
157150,156375
157250,156875
157500,156250
157501,156251
157502,157500
157505,156255
157506,156256
157510,157500
157525,156275
157526,156276
157530,156280
157550,157500
157625,156375
157626,156376
157630,156380
157650,156875
157750,157500
158125,156250
158126,156251
158130,156255
158150,156275
158250,156375
158750,156875
159375,3125
159376,3126
159377,159375
159378,159375
159380,3130
159381,3131
159382,159380
159385,159375
159386,159376
159390,159375
159400,3150
159401,3151
159402,159400
159405,3155
159406,159375
159410,159400
159425,159375
159426,159376
159430,159380
159450,159375
159500,3250
159501,3251
159502,159500
159505,3255
159506,3256
159510,159500
159525,3275
159526,3276
159530,159375
159550,159500
159625,159375
159626,159376
159630,3380
159650,3400
159750,159375
160000,3750
160001,3751
160002,160000
160005,3755
160006,3756
160010,160000
160025,3775
160026,3776
160030,3780
160050,160000
160125,156250
160126,156251
160130,156255
160150,159375
160250,156375
160625,159375
160626,159376
160630,159380
160650,4400
160750,156875
161250,159375
162500,156250
162501,156251
162502,162500
162505,156255
162506,156256
162510,162500
162525,156275
162526,156276
162530,156280
162550,162500
162625,156375
162626,156376
162630,156380
162650,156400
162750,162500
163125,156875
163126,156876
163130,156880
163150,156900
163250,159375
163750,162500
165625,156250
165626,156251
165630,156255
165650,156275
165750,156375
166250,156875
168750,159375
171875,15625
171876,15626
171877,171875
171878,171875
171880,15630
171881,15631
171882,171880
171885,171875
171886,171876
171890,171875
171900,15650
171901,15651
171902,171900
171905,15655
171906,171875
171910,171900
171925,171875
171926,171876
171930,171880
171950,171875
172000,15750
172001,15751
172002,172000
172005,15755
172006,15756
172010,172000
172025,15775
172026,15776
172030,171875
172050,172000
172125,171875
172126,171876
172130,171880
172150,171900
172250,171875
172500,16250
172501,16251
172502,172500
172505,16255
172506,16256
172510,172500
172525,16275
172526,16276
172530,16280
172550,172500
172625,16375
172626,16376
172630,16380
172650,171875
172750,172500
173125,171875
173126,171876
173130,171880
173150,16900
173250,17000
173750,171875
175000,78125
175001,78126
175002,78127
175005,78130
175006,78131
175010,78135
175025,78150
175026,78151
175030,78155
175050,78175
175125,78250
175126,78251
175130,78255
175150,78275
175250,78375
175625,156250
175626,156251
175630,156255
175650,156275
175750,171875
176250,156875
178125,81250
178126,81251
178130,81255
178150,81275
178250,81375
178750,159375
181250,171875
187500,156250
187501,156251
187502,187500
187505,156255
187506,156256
187510,187500
187525,156275
187526,156276
187530,156280
187550,187500
187625,156375
187626,156376
187630,156380
187650,156400
187750,187500
188125,156875
188126,156876
188130,156880
188150,156900
188250,157000
188750,187500
190625,93750
190626,93751
190630,93755
190650,93775
190750,93875
191250,171875
193750,96875
203125,156250
203126,156251
203130,156255
203150,156275
203250,156375
203750,156875
206250,159375
218750,171875
234375,0
234376,1
234377,2
234378,234375
234380,5
234381,6
234382,7
234385,10
234386,11
234390,234375
234400,25
234401,26
234402,27
234405,30
234406,31
234410,35
234425,50
234426,51
234430,55
234450,234375
234500,125
234501,126
234502,127
234505,130
234506,131
234510,135
234525,150
234526,151
234530,155
234550,175
234625,250
234626,251
234630,255
234650,275
234750,234375
235000,625
235001,626
235002,627
235005,630
235006,631
235010,635
235025,650
235026,651
235030,655
235050,675
235125,750
235126,751
235130,755
235150,775
235250,875
235625,1250
235626,1251
235630,1255
235650,1275
235750,1375
236250,234375
237500,3125
237501,3126
237502,3127
237505,3130
237506,3131
237510,3135
237525,3150
237526,3151
237530,3155
237550,3175
237625,3250
237626,3251
237630,3255
237650,3275
237750,3375
238125,3750
238126,3751
238130,3755
238150,3775
238250,3875
238750,4375
240625,6250
240626,6251
240630,6255
240650,6275
240750,6375
241250,6875
243750,234375
250000,15625
250001,15626
250002,15627
250005,15630
250006,15631
250010,15635
250025,15650
250026,15651
250030,15655
250050,15675
250125,15750
250126,15751
250130,15755
250150,15775
250250,15875
250625,16250
250626,16251
250630,16255
250650,16275
250750,16375
251250,16875
253125,18750
253126,18751
253130,18755
253150,18775
253250,18875
253750,19375
256250,21875
265625,31250
265626,31251
265630,31255
265650,31275
265750,31375
266250,31875
268750,34375
281250,234375
312500,78125
312501,78126
312502,78127
312505,78130
312506,78131
312510,78135
312525,78150
312526,78151
312530,78155
312550,78175
312625,78250
312626,78251
312630,78255
312650,78275
312750,78375
313125,78750
313126,78751
313130,78755
313150,78775
313250,78875
313750,79375
315625,81250
315626,81251
315630,81255
315650,81275
315750,81375
316250,81875
318750,84375
328125,93750
328126,93751
328130,93755
328150,93775
328250,93875
328750,94375
331250,96875
343750,109375
390627,390625
390628,390625
390629,390626
390631,390625
390632,390630
390633,390630
390634,390631
390635,390625
390636,390626
390637,390635
390638,390635
390640,390625
390641,390626
390642,390627
390645,390630
390646,390631
390651,390625
390652,390650
390653,390650
390654,390651
390655,390625
390656,390625
390657,390626
390658,390655
390660,390650
390661,390630
390662,390631
390665,390650
390666,390651
390670,390655
390675,390625
390676,390626
390677,390675
390678,390675
390680,390630
390681,390650
390682,390651
390685,390675
390686,390655
390690,390675
390700,390625
390701,390626
390702,390627
390705,390630
390706,390631
390710,390635
390725,390650
390726,390651
390730,390655
390752,390750
390753,390750
390754,390751
390755,390625
390756,390626
390757,390755
390758,390755
390760,390750
390761,390631
390762,390760
390765,390750
390766,390751
390770,390755
390775,390625
390776,390750
390777,390775
390778,390775
390780,390625
390781,390750
390782,390751
390785,390630
390786,390755
390790,390775
390800,390750
390801,390775
390802,390800
390805,390650
390806,390775
390810,390655
390825,390750
390826,390751
390830,390755
390850,390775
390875,390625
390876,390626
390877,390875
390878,390875
390880,390630
390881,390631
390882,390880
390885,390875
390886,390876
390890,390875
390900,390650
390901,390651
390902,390900
390905,390750
390906,390875
390910,390755
390925,390875
390926,390876
390930,390775
390950,390875
391000,390625
391001,390626
391002,390627
391005,390630
391006,390631
391010,390635
391025,390650
391026,390651
391030,390655
391050,390675
391125,390750
391126,390751
391130,390755
391150,390775
391252,391250
391253,391250
391254,391251
391256,391250
391257,391255
391258,391255
391260,391250
391261,391251
391262,391260
391265,391250
391266,391251
391270,391255
391275,390625
391276,391250
391277,391275
391278,391275
391280,390630
391281,391250
391282,391251
391285,391275
391286,391255
391290,391275
391300,391250
391301,391275
391302,391300
391305,390655
391306,391275
391310,391300
391325,391250
391326,391251
391330,391255
391350,391275
391375,390625
391376,390626
391377,391375
391378,391375
391380,391250
391381,391375
391382,391380
391385,391375
391386,391376
391390,391375
391400,390625
391401,390626
391402,390627
391405,391250
391406,391375
391410,391255
391425,390650
391426,390651
391430,391275
391450,391375
391500,391250
391501,391251
391502,391500
391505,391375
391506,391256
391510,391500
391525,390750
391526,390751
391530,391375
391550,390775
391625,391250
391626,391251
391630,391255
391650,391275
391750,391375
391875,390625
391876,390626
391877,391875
391878,391875
391880,390630
391881,390631
391882,391880
391885,391875
391886,391876
391890,391875
391900,390650
391901,390651
391902,391900
391905,390655
391906,391875
391910,391900
391925,391875
391926,391876
391930,391880
391950,391875
392000,390750
392001,390751
392002,392000
392005,390755
392006,390756
392010,392000
392025,391250
392026,391251
392030,391875
392050,391275
392125,391875
392126,391876
392130,391880
392150,391375
392250,391875
392500,390625
392501,390626
392502,390627
392505,390630
392506,390631
392510,390635
392525,390650
392526,390651
392530,390655
392550,390675
392625,390750
392626,390751
392630,390755
392650,390775
392750,390875
393125,391250
393126,391251
393130,391255
393150,391275
393250,391375
393752,393750
393753,393750
393754,393751
393756,393750
393757,393755
393758,393755
393760,393750
393761,393751
393762,393760
393765,393750
393766,393751
393770,393755
393776,393750
393777,393775
393778,393775
393780,393750
393781,393750
393782,393751
393785,393775
393786,393755
393790,393775
393800,393750
393801,393751
393802,393800
393805,393755
393806,393775
393810,393800
393825,393750
393826,393751
393830,393755
393850,393775
393875,390625
393876,390626
393877,393875
393878,393875
393880,393750
393881,390631
393882,393880
393885,393875
393886,393876
393890,393875
393900,390650
393901,393875
393902,393900
393905,393750
393906,393875
393910,393755
393925,393875
393926,393876
393930,393775
393950,393875
394000,393750
394001,393751
394002,394000
394005,393875
394006,393756
394010,394000
394025,390775
394026,393776
394030,393875
394050,394000
394125,393750
394126,393751
394130,393755
394150,393775
394250,393875
394375,390625
394376,390626
394377,394375
394378,394375
394380,390630
394381,394375
394382,394380
394385,394375
394386,394376
394390,394375
394400,393750
394401,394375
394402,394400
394405,394375
394406,394375
394410,394400
394425,394375
394426,394376
394430,394380
394450,394375
394500,390625
394501,390626
394502,390627
394505,390630
394506,390631
394510,390635
394525,393750
394526,393751
394530,394375
394550,393775
394625,390750
394626,390751
394630,390755
394650,393875
394750,394375
395000,393750
395001,393751
395002,395000
395005,393755
395006,393756
395010,395000
395025,394375
395026,393776
395030,393780
395050,395000
395125,391250
395126,391251
395130,391255
395150,394375
395250,391375
395625,393750
395626,393751
395630,393755
395650,393775
395750,393875
396250,394375
396875,390625
396876,390626
396877,396875
396878,396875
396880,390630
396881,390631
396882,396880
396885,396875
396886,396876
396890,396875
396900,390650
396901,390651
396902,396900
396905,390655
396906,396875
396910,396900
396925,396875
396926,396876
396930,396880
396950,396875
397000,390750
397001,390751
397002,397000
397005,390755
397006,390756
397010,397000
397025,390775
397026,390776
397030,396875
397050,397000
397125,396875
397126,396876
397130,396880
397150,396900
397250,396875
397500,391250
397501,391251
397502,397500
397505,391255
397506,391256
397510,397500
397525,391275
397526,391276
397530,391280
397550,397500
397625,393750
397626,393751
397630,393755
397650,396875
397750,393875
398125,396875
398126,396876
398130,396880
398150,396900
398250,394375
398750,396875
400000,390625
400001,390626
400002,390627
400005,390630
400006,390631
400010,390635
400025,390650
400026,390651
400030,390655
400050,390675
400125,390750
400126,390751
400130,390755
400150,390775
400250,390875
400625,391250
400626,391251
400630,391255
400650,391275
400750,391375
401250,391875
403125,393750
403126,393751
403130,393755
403150,393775
403250,393875
403750,394375
406250,0
406251,1
406252,406250
406253,406250
406254,406251
406255,5
406256,6
406257,406255
406258,406255
406260,406250
406261,406251
406262,406260
406265,406250
406266,406251
406270,406255
406275,25
406276,406250
406277,406275
406278,406275
406280,30
406281,406250
406282,406251
406285,406275
406286,406255
406290,406275
406300,406250
406301,406251
406302,406300
406305,406255
406306,406275
406310,406300
406325,406250
406326,406251
406330,406255
406350,406275
406375,125
406376,126
406377,406375
406378,406375
406380,406250
406381,406251
406382,406380
406385,406375
406386,406256
406390,406375
406400,150
406401,406375
406402,406400
406405,406250
406406,406375
406410,406255
406425,406375
406426,406400
406430,406275
406450,406375
406500,406250
406501,406251
406502,406500
406505,406255
406506,406256
406510,406500
406525,406275
406526,406276
406530,406375
406550,406500
406625,406250
406626,406251
406630,406255
406650,406275
406750,406375
406875,390625
406876,390626
406877,406875
406878,406875
406880,390630
406881,390631
406882,406880
406885,406875
406886,406876
406890,406875
406900,406250
406901,406875
406902,406900
406905,406255
406906,406875
406910,406900
406925,406875
406926,406900
406930,406280
406950,406875
407000,750
407001,751
407002,407000
407005,406875
407006,756
407010,407000
407025,406250
407026,406251
407030,406875
407050,406275
407125,406875
407126,406876
407130,407000
407150,406375
407250,406875
407500,406250
407501,406251
407502,407500
407505,406255
407506,406256
407510,407500
407525,406275
407526,406276
407530,406280
407550,407500
407625,406375
407626,406376
407630,406380
407650,406875
407750,407500
408125,406250
408126,406251
408130,406255
408150,406275
408250,406375
408750,406875
409375,3125
409376,3126
409377,409375
409378,409375
409380,3130
409381,3131
409382,409380
409385,409375
409386,409376
409390,409375
409400,3150
409401,409375
409402,409400
409405,3155
409406,409375
409410,409400
409425,409375
409426,409376
409430,409380
409450,409375
409500,406250
409501,406251
409502,409500
409505,409375
409506,406256
409510,409500
409525,406275
409526,409500
409530,409375
409550,409500
409625,409375
409626,409376
409630,409500
409650,406400
409750,409375
410000,390625
410001,390626
410002,390627
410005,390630
410006,390631
410010,390635
410025,390650
410026,390651
410030,390655
410050,390675
410125,406250
410126,406251
410130,406255
410150,409375
410250,406375
410625,391250
410626,391251
410630,391255
410650,391275
410750,406875
411250,409375
412500,406250
412501,406251
412502,412500
412505,406255
412506,406256
412510,412500
412525,406275
412526,406276
412530,406280
412550,412500
412625,406375
412626,406376
412630,406380
412650,406400
412750,412500
413125,393750
413126,393751
413130,393755
413150,393775
413250,409375
413750,394375
415625,406250
415626,406251
415630,406255
415650,406275
415750,406375
416250,406875
418750,409375
421875,390625
421876,390626
421877,421875
421878,421875
421880,390630
421881,390631
421882,421880
421885,421875
421886,421876
421890,421875
421900,390650
421901,390651
421902,421900
421905,390655
421906,421875
421910,421900
421925,421875
421926,421876
421930,421880
421950,421875
422000,390750
422001,390751
422002,422000
422005,390755
422006,390756
422010,422000
422025,390775
422026,390776
422030,421875
422050,422000
422125,421875
422126,421876
422130,421880
422150,421900
422250,421875
422500,406250
422501,406251
422502,422500
422505,406255
422506,406256
422510,422500
422525,391275
422526,422500
422530,406280
422550,422500
422625,391375
422626,391376
422630,422500
422650,421875
422750,422500
423125,421875
423126,421876
423130,421880
423150,422500
423250,407000
423750,421875
425000,18750
425001,18751
425002,425000
425005,18755
425006,18756
425010,425000
425025,18775
425026,425000
425030,18780
425050,425000
425125,393875
425126,393876
425130,425000
425150,18900
425250,425000
425625,406250
425626,406251
425630,406255
425650,406275
425750,421875
426250,406875
428125,421875
428126,421876
428130,421880
428150,421900
428250,425000
428750,409375
431250,421875
437500,390625
437501,390626
437502,390627
437505,390630
437506,390631
437510,390635
437525,390650
437526,390651
437530,390655
437550,390675
437625,390750
437626,390751
437630,390755
437650,390775
437750,390875
438125,391250
438126,391251
438130,391255
438150,391275
438250,391375
438750,391875
440625,393750
440626,393751
440630,393755
440650,393775
440750,393875
441250,394375
443750,396875
453125,406250
453126,406251
453130,406255
453150,406275
453250,406375
453750,406875
456250,409375
468750,0
468751,1
468752,468750
468753,468750
468754,468751
468755,5
468756,468750
468757,468755
468758,468755
468760,468750
468761,468751
468762,468760
468765,468750
468766,468751
468770,468755
468775,25
468776,468750
468777,468775
468778,468775
468780,468750
468781,468750
468782,468751
468785,468775
468786,468755
468790,468775
468800,468750
468801,468751
468802,468800
468805,468755
468806,468775
468810,468800
468825,468750
468826,468751
468830,468755
468850,468775
468875,125
468876,126
468877,468875
468878,468875
468880,468750
468881,468751
468882,468880
468885,468875
468886,468756
468890,468875
468900,468750
468901,468875
468902,468900
468905,468750
468906,468875
468910,468755
468925,468875
468926,468900
468930,468775
468950,468875
469000,468750
469001,468751
469002,469000
469005,468755
469006,468756
469010,469000
469025,468775
469026,468776
469030,468875
469050,469000
469125,468750
469126,468751
469130,468755
469150,468775
469250,468875
469375,625
469376,626
469377,469375
469378,469375
469380,630
469381,469375
469382,469380
469385,469375
469386,469376
469390,469375
469400,468750
469401,469375
469402,469400
469405,468755
469406,469375
469410,469400
469425,469375
469426,469400
469430,468780
469450,469375
469500,468750
469501,468751
469502,469500
469505,469375
469506,469500
469510,469500
469525,468750
469526,468751
469530,469375
469550,468775
469625,469375
469626,469376
469630,469500
469650,468875
469750,469375
470000,468750
470001,468751
470002,470000
470005,468755
470006,468756
470010,470000
470025,468775
470026,468776
470030,468780
470050,470000
470125,468875
470126,468876
470130,468880
470150,469375
470250,470000
470625,468750
470626,468751
470630,468755
470650,468775
470750,468875
471250,469375
471875,390625
471876,390626
471877,471875
471878,471875
471880,390630
471881,390631
471882,471880
471885,471875
471886,471876
471890,471875
471900,390650
471901,471875
471902,471900
471905,390655
471906,471875
471910,471900
471925,471875
471926,471876
471930,471880
471950,471875
472000,468750
472001,468751
472002,472000
472005,471875
472006,468756
472010,472000
472025,468775
472026,472000
472030,471875
472050,472000
472125,471875
472126,471876
472130,472000
472150,468900
472250,471875
472500,468750
472501,468751
472502,472500
472505,468755
472506,472500
472510,472500
472525,471875
472526,472500
472530,472500
472550,472500
472625,468750
472626,468751
472630,468755
472650,471875
472750,468875
473125,471875
473126,471876
473130,471880
473150,472500
473250,469375
473750,471875
475000,468750
475001,468751
475002,475000
475005,468755
475006,468756
475010,475000
475025,468775
475026,468776
475030,468780
475050,475000
475125,468875
475126,468876
475130,468880
475150,468900
475250,475000
475625,469375
475626,469376
475630,469380
475650,469400
475750,471875
476250,475000
478125,468750
478126,468751
478130,468755
478150,468775
478250,468875
478750,469375
481250,471875
484375,0
484376,1
484377,2
484378,484375
484380,5
484381,6
484382,7
484385,10
484386,11
484390,484375
484400,25
484401,26
484402,27
484405,30
484406,484375
484410,35
484425,50
484426,51
484430,55
484450,484375
484500,125
484501,126
484502,127
484505,130
484506,131
484510,135
484525,150
484526,151
484530,484375
484550,175
484625,250
484626,251
484630,255
484650,275
484750,484375
485000,625
485001,626
485002,627
485005,630
485006,631
485010,635
485025,650
485026,651
485030,655
485050,675
485125,750
485126,751
485130,755
485150,484375
485250,875
485625,1250
485626,1251
485630,1255
485650,1275
485750,1375
486250,484375
487500,390625
487501,390626
487502,390627
487505,390630
487506,390631
487510,390635
487525,390650
487526,390651
487530,390655
487550,390675
487625,390750
487626,390751
487630,390755
487650,390775
487750,390875
488125,468750
488126,468751
488130,468755
488150,468775
488250,484375
488750,469375
490625,393750
490626,393751
490630,393755
490650,393775
490750,393875
491250,471875
493750,484375
500000,15625
500001,15626
500002,15627
500005,15630
500006,15631
500010,15635
500025,15650
500026,15651
500030,15655
500050,15675
500125,15750
500126,15751
500130,15755
500150,15775
500250,15875
500625,16250
500626,16251
500630,16255
500650,16275
500750,16375
501250,16875
503125,406250
503126,406251
503130,406255
503150,406275
503250,406375
503750,484375
506250,409375
515625,468750
515626,468751
515630,468755
515650,468775
515750,468875
516250,469375
518750,471875
531250,484375
546875,390625
546876,390626
546877,546875
546878,546875
546880,390630
546881,390631
546882,546880
546885,546875
546886,546876
546890,546875
546900,390650
546901,390651
546902,546900
546905,390655
546906,546875
546910,546900
546925,546875
546926,546876
546930,546880
546950,546875
547000,390750
547001,390751
547002,547000
547005,390755
547006,390756
547010,547000
547025,390775
547026,390776
547030,546875
547050,547000
547125,546875
547126,546876
547130,546880
547150,546900
547250,546875
547500,391250
547501,391251
547502,547500
547505,391255
547506,391256
547510,547500
547525,391275
547526,391276
547530,391280
547550,547500
547625,391375
547626,391376
547630,391380
547650,546875
547750,547500
548125,546875
548126,546876
548130,546880
548150,546900
548250,547000
548750,546875
550000,468750
550001,468751
550002,550000
550005,468755
550006,468756
550010,550000
550025,468775
550026,550000
550030,468780
550050,550000
550125,393875
550126,393876
550130,550000
550150,468900
550250,550000
550625,394375
550626,394376
550630,394380
550650,550000
550750,546875
551250,550000
553125,546875
553126,546876
553130,546880
553150,546900
553250,550000
553750,472500
556250,546875
562500,78125
562501,78126
562502,78127
562505,78130
562506,78131
562510,78135
562525,78150
562526,78151
562530,78155
562550,78175
562625,78250
562626,78251
562630,78255
562650,78275
562750,78375
563125,78750
563126,78751
563130,78755
563150,78775
563250,78875
563750,79375
565625,468750
565626,468751
565630,468755
565650,468775
565750,468875
566250,546875
568750,471875
578125,93750
578126,93751
578130,93755
578150,93775
578250,93875
578750,94375
581250,484375
593750,546875
625000,390625
625001,390626
625002,390627
625005,390630
625006,390631
625010,390635
625025,390650
625026,390651
625030,390655
625050,390675
625125,390750
625126,390751
625130,390755
625150,390775
625250,390875
625625,391250
625626,391251
625630,391255
625650,391275
625750,391375
626250,391875
628125,393750
628126,393751
628130,393755
628150,393775
628250,393875
628750,394375
631250,396875
640625,406250
640626,406251
640630,406255
640650,406275
640750,406375
641250,406875
643750,409375
656250,421875
703125,468750
703126,468751
703130,468755
703150,468775
703250,468875
703750,469375
706250,471875
718750,484375
781250,0
781251,1
781252,781250
781253,781250
781254,781251
781255,5
781256,6
781257,781255
781258,781255
781260,781250
781261,781251
781262,781260
781265,781250
781266,781251
781270,781255
781275,25
781276,26
781277,781275
781278,781275
781280,30
781281,781250
781282,781251
781285,781275
781286,781255
781290,781275
781300,781250
781301,781251
781302,781300
781305,781255
781306,781275
781310,781300
781325,781250
781326,781251
781330,781255
781350,781275
781375,125
781376,126
781377,781375
781378,781375
781380,130
781381,131
781382,781380
781385,781375
781386,136
781390,781375
781400,150
781401,151
781402,781400
781405,781250
781406,781375
781410,781255
781425,781375
781426,176
781430,781275
781450,781375
781500,781250
781501,781251
781502,781500
781505,781255
781506,781256
781510,781500
781525,781275
781526,781276
781530,781375
781550,781500
781625,781250
781626,781251
781630,781255
781650,781275
781750,781375
781875,625
781876,626
781877,781875
781878,781875
781880,630
781881,631
781882,781880
781885,781875
781886,781876
781890,781875
781900,650
781901,651
781902,781900
781905,655
781906,781875
781910,781900
781925,781875
781926,676
781930,680
781950,781875
782000,750
782001,751
782002,782000
782005,755
782006,756
782010,782000
782025,781250
782026,781251
782030,781875
782050,781275
782125,781875
782126,781876
782130,880
782150,781375
782250,781875
782500,781250
782501,781251
782502,782500
782505,781255
782506,781256
782510,782500
782525,781275
782526,781276
782530,781280
782550,782500
782625,781375
782626,781376
782630,781380
782650,781875
782750,782500
783125,781250
783126,781251
783130,781255
783150,781275
783250,781375
783750,781875
784375,3125
784376,3126
784377,784375
784378,784375
784380,3130
784381,3131
784382,784380
784385,784375
784386,784376
784390,784375
784400,3150
784401,3151
784402,784400
784405,3155
784406,784375
784410,784400
784425,784375
784426,784376
784430,784380
784450,784375
784500,3250
784501,3251
784502,784500
784505,3255
784506,3256
784510,784500
784525,3275
784526,3276
784530,784375
784550,784500
784625,784375
784626,784376
784630,3380
784650,3400
784750,784375
785000,3750
785001,3751
785002,785000
785005,3755
785006,3756
785010,785000
785025,3775
785026,3776
785030,3780
785050,785000
785125,781250
785126,781251
785130,781255
785150,784375
785250,781375
785625,784375
785626,784376
785630,784380
785650,4400
785750,781875
786250,784375
787500,781250
787501,781251
787502,787500
787505,781255
787506,781256
787510,787500
787525,781275
787526,781276
787530,781280
787550,787500
787625,781375
787626,781376
787630,781380
787650,781400
787750,787500
788125,781875
788126,781876
788130,781880
788150,781900
788250,784375
788750,787500
790625,781250
790626,781251
790630,781255
790650,781275
790750,781375
791250,781875
793750,784375
796875,15625
796876,15626
796877,796875
796878,796875
796880,15630
796881,15631
796882,796880
796885,796875
796886,796876
796890,796875
796900,15650
796901,15651
796902,796900
796905,15655
796906,796875
796910,796900
796925,796875
796926,796876
796930,796880
796950,796875
797000,15750
797001,15751
797002,797000
797005,15755
797006,15756
797010,797000
797025,15775
797026,15776
797030,796875
797050,797000
797125,796875
797126,796876
797130,796880
797150,796900
797250,796875
797500,16250
797501,16251
797502,797500
797505,16255
797506,16256
797510,797500
797525,16275
797526,16276
797530,16280
797550,797500
797625,16375
797626,16376
797630,16380
797650,796875
797750,797500
798125,796875
798126,796876
798130,796880
798150,16900
798250,17000
798750,796875
800000,18750
800001,18751
800002,800000
800005,18755
800006,18756
800010,800000
800025,18775
800026,18776
800030,18780
800050,800000
800125,18875
800126,18876
800130,18880
800150,18900
800250,800000
800625,781250
800626,781251
800630,781255
800650,781275
800750,796875
801250,781875
803125,796875
803126,796876
803130,796880
803150,796900
803250,22000
803750,784375
806250,796875
812500,781250
812501,781251
812502,812500
812505,781255
812506,781256
812510,812500
812525,781275
812526,781276
812530,781280
812550,812500
812625,781375
812626,781376
812630,781380
812650,781400
812750,812500
813125,781875
813126,781876
813130,781880
813150,781900
813250,782000
813750,812500
815625,784375
815626,784376
815630,784380
815650,784400
815750,784500
816250,796875
818750,812500
828125,781250
828126,781251
828130,781255
828150,781275
828250,781375
828750,781875
831250,784375
843750,796875
859375,78125
859376,78126
859377,859375
859378,859375
859380,78130
859381,78131
859382,859380
859385,859375
859386,859376
859390,859375
859400,78150
859401,78151
859402,859400
859405,78155
859406,859375
859410,859400
859425,859375
859426,859376
859430,859380
859450,859375
859500,78250
859501,78251
859502,859500
859505,78255
859506,78256
859510,859500
859525,78275
859526,78276
859530,859375
859550,859500
859625,859375
859626,859376
859630,859380
859650,859400
859750,859375
860000,78750
860001,78751
860002,860000
860005,78755
860006,78756
860010,860000
860025,78775
860026,78776
860030,78780
860050,860000
860125,78875
860126,78876
860130,78880
860150,859375
860250,860000
860625,859375
860626,859376
860630,859380
860650,859400
860750,859500
861250,859375
862500,81250
862501,81251
862502,862500
862505,81255
862506,81256
862510,862500
862525,81275
862526,81276
862530,81280
862550,862500
862625,81375
862626,81376
862630,81380
862650,81400
862750,862500
863125,81875
863126,81876
863130,81880
863150,81900
863250,859375
863750,862500
865625,859375
865626,859376
865630,859380
865650,859400
865750,84500
866250,85000
868750,859375
875000,390625
875001,390626
875002,390627
875005,390630
875006,390631
875010,390635
875025,390650
875026,390651
875030,390655
875050,390675
875125,390750
875126,390751
875130,390755
875150,390775
875250,390875
875625,391250
875626,391251
875630,391255
875650,391275
875750,391375
876250,391875
878125,781250
878126,781251
878130,781255
878150,781275
878250,781375
878750,859375
881250,784375
890625,406250
890626,406251
890630,406255
890650,406275
890750,406375
891250,406875
893750,796875
906250,859375
937500,781250
937501,781251
937502,937500
937505,781255
937506,781256
937510,937500
937525,781275
937526,781276
937530,781280
937550,937500
937625,781375
937626,781376
937630,781380
937650,781400
937750,937500
938125,781875
938126,781876
938130,781880
938150,781900
938250,782000
938750,937500
940625,784375
940626,784376
940630,784380
940650,784400
940750,784500
941250,785000
943750,937500
953125,468750
953126,468751
953130,468755
953150,468775
953250,468875
953750,469375
956250,859375
968750,484375
1015625,781250
1015626,781251
1015630,781255
1015650,781275
1015750,781375
1016250,781875
1018750,784375
1031250,796875
1093750,859375
1171875,0
1171876,1
1171877,2
1171878,1171875
1171880,5
1171881,6
1171882,7
1171885,10
1171886,11
1171890,1171875
1171900,25
1171901,26
1171902,27
1171905,30
1171906,31
1171910,35
1171925,50
1171926,51
1171930,55
1171950,1171875
1172000,125
1172001,126
1172002,127
1172005,130
1172006,131
1172010,135
1172025,150
1172026,151
1172030,155
1172050,175
1172125,250
1172126,251
1172130,255
1172150,275
1172250,1171875
1172500,625
1172501,626
1172502,627
1172505,630
1172506,631
1172510,635
1172525,650
1172526,651
1172530,655
1172550,675
1172625,750
1172626,751
1172630,755
1172650,775
1172750,875
1173125,1250
1173126,1251
1173130,1255
1173150,1275
1173250,1375
1173750,1171875
1175000,3125
1175001,3126
1175002,3127
1175005,3130
1175006,3131
1175010,3135
1175025,3150
1175026,3151
1175030,3155
1175050,3175
1175125,3250
1175126,3251
1175130,3255
1175150,3275
1175250,3375
1175625,3750
1175626,3751
1175630,3755
1175650,3775
1175750,3875
1176250,4375
1178125,6250
1178126,6251
1178130,6255
1178150,6275
1178250,6375
1178750,6875
1181250,1171875
1187500,15625
1187501,15626
1187502,15627
1187505,15630
1187506,15631
1187510,15635
1187525,15650
1187526,15651
1187530,15655
1187550,15675
1187625,15750
1187626,15751
1187630,15755
1187650,15775
1187750,15875
1188125,16250
1188126,16251
1188130,16255
1188150,16275
1188250,16375
1188750,16875
1190625,18750
1190626,18751
1190630,18755
1190650,18775
1190750,18875
1191250,19375
1193750,21875
1203125,31250
1203126,31251
1203130,31255
1203150,31275
1203250,31375
1203750,31875
1206250,34375
1218750,1171875
1250000,78125
1250001,78126
1250002,78127
1250005,78130
1250006,78131
1250010,78135
1250025,78150
1250026,78151
1250030,78155
1250050,78175
1250125,78250
1250126,78251
1250130,78255
1250150,78275
1250250,78375
1250625,78750
1250626,78751
1250630,78755
1250650,78775
1250750,78875
1251250,79375
1253125,81250
1253126,81251
1253130,81255
1253150,81275
1253250,81375
1253750,81875
1256250,84375
1265625,93750
1265626,93751
1265630,93755
1265650,93775
1265750,93875
1266250,94375
1268750,96875
1281250,109375
1328125,156250
1328126,156251
1328130,156255
1328150,156275
1328250,156375
1328750,156875
1331250,159375
1343750,171875
1406250,1171875
1562500,390625
1562501,390626
1562502,390627
1562505,390630
1562506,390631
1562510,390635
1562525,390650
1562526,390651
1562530,390655
1562550,390675
1562625,390750
1562626,390751
1562630,390755
1562650,390775
1562750,390875
1563125,391250
1563126,391251
1563130,391255
1563150,391275
1563250,391375
1563750,391875
1565625,393750
1565626,393751
1565630,393755
1565650,393775
1565750,393875
1566250,394375
1568750,396875
1578125,406250
1578126,406251
1578130,406255
1578150,406275
1578250,406375
1578750,406875
1581250,409375
1593750,421875
1640625,468750
1640626,468751
1640630,468755
1640650,468775
1640750,468875
1641250,469375
1643750,471875
1656250,484375
1718750,546875
